date,Australia,Austria,Bahrain,Belgium,Bermuda,Brazil,Canada,Channel Islands,Cyprus,Czech Republic,Denmark,EIRE,European Community,Finland,France,Germany,Greece,Hong Kong,Iceland,Israel,Italy,Japan,Korea,Lebanon,Lithuania,Malta,Netherlands,Nigeria,Norway,Poland,Portugal,RSA,Saudi Arabia,Singapore,Spain,Sweden,Switzerland,Thailand,USA,United Arab Emirates,United Kingdom,Unspecified,West Indies
2009-12-01,200,0,0,1,0,0,0,0,0,0,0,737,0,0,662,484,0,0,0,0,0,0,0,0,0,0,0,0,0,0,1403,0,0,0,0,0,0,0,1,0,23346,0,0
2009-12-02,0,0,0,0,0,0,0,0,0,0,480,0,0,0,265,10,0,0,0,0,0,191,0,0,0,0,3792,47,0,0,0,0,0,0,0,0,0,0,0,0,27377,0,0
2009-12-03,0,0,0,0,0,0,0,0,0,0,0,203,0,0,276,10,0,0,0,0,0,0,0,0,0,0,0,0,0,266,0,0,0,0,2,0,0,0,0,0,50888,0,0
2009-12-04,0,0,0,0,0,0,0,439,0,0,0,0,0,0,243,0,0,0,0,0,5,0,0,0,0,0,281,0,0,0,0,0,0,0,505,0,0,0,0,0,19958,0,0
2009-12-05,0,0,0,0,0,0,0,0,397,0,0,0,0,0,0,0,0,0,0,0,0,0,0,0,0,0,0,0,0,0,0,0,0,0,0,0,0,0,0,0,4722,0,0
2009-12-06,0,0,0,142,0,0,0,0,0,0,0,0,0,0,388,167,0,0,0,0,0,0,0,0,0,0,0,0,0,0,0,0,0,0,0,0,0,0,0,0,10988,0,0
2009-12-07,4,0,0,0,0,0,0,0,0,0,0,544,0,0,64,572,441,0,0,0,0,0,0,0,0,0,0,0,182,0,0,0,0,0,71,0,0,0,0,0,16341,0,0
2009-12-08,3,309,0,0,0,0,0,0,0,0,4,430,0,0,337,0,0,0,0,0,0,0,0,0,0,0,51,0,0,0,172,0,0,0,0,0,0,0,0,0,25706,0,0
2009-12-09,0,0,0,0,0,0,0,0,0,0,0,0,0,0,0,633,0,0,0,0,0,0,0,0,0,0,0,0,0,0,0,0,0,0,0,204,0,0,0,0,17183,0,0
2009-12-10,0,0,0,10,0,0,0,7,0,0,0,147,0,0,30,0,0,0,0,0,0,0,0,0,0,0,0,0,0,0,0,0,0,0,0,0,0,0,0,556,23405,0,0
2009-12-11,0,0,0,0,0,0,0,0,0,0,0,2,0,0,0,18,0,0,0,0,0,0,0,0,0,0,0,0,0,0,0,0,0,0,0,0,0,0,0,0,21733,0,0
2009-12-13,0,0,0,0,0,0,0,0,0,0,0,136,0,134,1038,34,0,0,0,0,0,0,0,0,0,0,0,0,0,0,0,0,0,0,0,0,0,0,0,0,11347,0,0
2009-12-14,0,0,0,0,0,0,0,0,482,0,0,28,0,0,0,2361,0,0,0,0,0,0,0,0,0,0,0,0,0,0,0,0,0,0,0,0,0,0,0,0,42788,0,0
2009-12-15,0,0,0,0,0,0,0,0,0,0,96,959,0,0,0,0,0,0,0,0,0,0,0,0,0,0,0,0,0,0,0,0,0,0,0,0,0,0,0,0,26181,0,0
2009-12-16,0,0,0,0,0,0,0,0,424,0,0,408,0,0,0,0,0,0,0,0,157,0,0,0,0,0,138,0,0,0,0,0,0,0,0,0,0,0,0,0,24096,0,0
2009-12-17,0,0,0,0,0,0,0,0,0,0,0,2,0,0,0,1,0,0,0,0,0,0,0,0,0,0,0,0,0,0,0,0,0,0,576,0,220,0,0,0,15013,0,0
2009-12-18,60,0,0,0,0,0,0,0,517,0,0,1356,0,0,0,106,0,0,0,0,0,0,0,0,0,0,6560,0,0,0,0,0,0,0,0,0,0,0,0,0,8973,0,0
2009-12-20,0,0,0,0,0,0,0,0,0,0,0,2,0,0,763,134,0,0,0,0,0,0,0,0,0,0,0,0,0,0,0,0,0,0,0,0,0,0,0,0,5402,0,0
2009-12-21,0,0,0,0,0,0,0,0,0,0,0,4512,0,0,58,390,0,0,0,0,0,0,0,0,0,0,0,0,0,0,0,0,0,0,0,0,0,0,0,0,4149,0,0
2009-12-22,0,255,0,0,0,0,0,0,0,0,0,0,0,0,0,0,0,0,0,0,0,0,0,0,0,0,0,0,0,0,0,0,0,0,0,0,0,0,0,0,14467,0,0
2009-12-23,0,0,0,0,0,0,0,0,0,0,0,0,0,0,0,35,0,0,0,0,0,0,0,0,0,0,0,0,0,0,0,0,0,0,2128,0,0,0,0,0,2478,0,0
2010-01-04,0,0,0,0,0,0,0,0,0,0,0,2,0,0,0,3,0,0,0,0,0,0,0,0,0,0,0,0,0,0,0,0,0,0,0,0,0,0,0,0,10717,0,0
2010-01-05,0,0,0,0,0,0,0,0,0,0,0,0,0,0,0,0,0,0,0,0,0,0,0,0,0,0,0,0,0,0,0,0,0,0,0,0,0,0,0,0,11365,0,0
2010-01-06,0,0,0,0,0,0,0,0,0,0,0,0,0,0,0,0,0,0,0,0,0,0,0,0,0,0,0,0,0,0,0,0,0,0,0,0,0,0,0,0,7472,0,0
2010-01-07,0,0,0,0,0,0,0,0,0,0,0,26032,0,0,1888,108,0,0,0,0,0,0,0,0,0,0,0,0,0,0,0,0,0,0,0,4,0,0,0,0,12877,0,0
2010-01-08,0,0,0,190,0,0,0,0,0,0,0,337,0,0,1707,0,0,0,0,0,0,0,0,0,0,0,0,0,0,0,0,0,0,0,0,0,0,0,0,0,10474,0,0
2010-01-10,0,0,0,0,0,0,0,0,0,0,0,0,0,0,0,0,0,0,0,0,0,0,0,0,0,0,0,0,0,0,0,0,0,0,308,0,0,0,0,0,13143,0,0
2010-01-11,0,0,0,0,0,0,0,0,0,0,452,150,0,0,0,315,0,0,0,0,0,0,0,0,0,0,194,0,0,0,0,0,0,0,2,0,0,0,383,0,12625,0,0
2010-01-12,0,0,0,0,0,0,0,0,0,0,0,0,0,0,0,1116,0,0,0,0,0,0,0,0,0,0,0,0,0,0,0,0,0,0,0,0,0,0,1,0,20202,0,0
2010-01-13,0,0,0,1,0,0,0,0,0,0,0,3,0,0,399,516,0,0,0,0,0,0,0,0,0,0,0,0,0,0,0,0,0,0,4,0,0,0,0,0,8042,0,0
2010-01-14,0,0,0,0,0,0,0,0,0,0,0,0,0,0,0,353,487,0,0,0,0,0,0,0,0,0,0,0,0,0,0,0,0,0,0,0,0,0,0,0,13419,0,0
2010-01-15,0,0,0,482,0,0,0,0,0,0,0,0,0,262,0,116,0,0,0,0,0,1,0,0,0,0,197,0,0,0,0,0,0,0,0,0,0,0,0,0,7530,0,0
2010-01-17,0,0,0,0,0,0,0,0,0,0,0,0,0,0,0,0,0,0,0,0,0,0,0,0,0,0,0,0,0,0,0,0,0,0,0,0,0,0,0,0,10043,0,0
2010-01-18,0,0,0,0,0,0,0,193,0,0,0,0,0,0,0,5,0,0,0,0,0,0,0,0,0,0,0,0,0,0,0,0,0,0,0,0,0,0,0,0,10198,0,0
2010-01-19,0,0,0,0,0,0,0,0,0,0,0,348,0,0,645,3,0,0,0,0,0,0,0,0,0,0,0,0,0,0,0,0,0,0,0,0,0,0,391,0,14107,95,0
2010-01-20,0,0,0,0,0,0,0,0,0,0,0,625,0,0,0,0,0,0,0,0,0,0,0,0,0,0,0,0,0,0,0,0,0,0,0,1432,0,0,0,0,8476,0,0
2010-01-21,0,0,0,0,0,0,0,0,0,0,63302,1358,0,0,0,0,776,0,0,0,0,0,0,0,0,0,0,0,0,0,0,0,0,0,0,0,0,0,0,0,7568,0,0
2010-01-22,0,0,0,0,0,0,0,0,0,0,0,1044,0,0,0,1267,0,0,0,0,0,0,0,0,0,0,7308,0,0,0,0,0,0,0,434,0,0,0,0,0,8646,0,0
2010-01-24,0,0,0,0,0,0,0,0,0,0,0,0,0,0,0,342,0,0,0,0,0,0,0,0,0,0,0,0,0,0,0,0,0,0,0,0,0,0,0,0,8574,0,0
2010-01-25,0,0,0,0,0,0,0,0,0,0,0,194,0,0,0,22,310,0,0,0,0,0,0,0,0,0,0,0,0,0,0,0,0,0,0,0,0,0,0,0,9862,0,0
2010-01-26,0,0,0,45,0,0,0,0,32,0,0,14,0,3,425,1620,0,0,0,0,1,0,0,0,0,0,12833,1,0,0,2,0,0,0,4,0,0,0,0,0,8208,1,0
2010-01-27,0,0,0,0,0,0,0,0,0,0,0,0,0,0,0,0,0,0,0,0,0,0,0,0,0,0,0,0,0,0,0,0,0,0,434,0,0,0,569,0,16675,287,0
2010-01-28,0,0,0,0,0,0,0,2,0,0,0,627,0,0,0,18,0,0,0,0,0,0,0,0,0,0,0,0,0,0,0,0,0,0,0,0,0,0,0,0,10999,0,0
2010-01-29,0,0,0,0,0,0,0,0,0,0,0,0,0,0,0,0,0,0,0,0,0,0,0,0,0,0,0,0,0,0,0,0,0,0,13,0,0,0,0,0,10336,0,0
2010-01-31,0,0,0,0,0,0,0,0,0,0,0,550,0,0,304,802,0,0,0,0,0,0,0,0,0,0,0,0,0,0,0,0,0,0,0,102,0,0,0,0,9051,0,0
2010-02-01,0,0,0,0,0,0,0,0,0,0,0,0,0,0,0,406,0,0,0,0,0,98,0,0,0,607,0,0,0,0,199,0,0,0,253,0,0,0,0,0,7723,0,0
2010-02-02,0,0,159,0,0,0,0,0,0,0,0,1320,0,0,0,1,0,0,0,0,0,0,0,0,0,0,0,0,0,0,0,0,0,0,0,0,0,0,0,0,9720,0,0
2010-02-03,0,0,0,0,0,0,0,0,0,0,0,0,0,0,309,48,0,0,0,0,0,0,0,0,0,0,88,0,0,0,0,591,0,0,40,0,0,0,0,0,9293,0,0
2010-02-04,0,208,0,0,0,0,0,0,0,0,0,0,0,0,1,208,0,0,0,0,0,0,0,0,0,0,0,0,0,0,0,0,0,0,0,0,0,0,0,0,12463,0,0
2010-02-05,0,0,0,0,0,0,0,0,0,0,0,0,0,0,0,195,0,0,0,0,0,0,0,0,0,0,0,0,0,0,0,0,0,0,0,0,0,0,0,0,10864,0,0
2010-02-07,0,0,0,87,0,0,0,0,0,0,0,5116,0,0,569,43,0,0,0,0,0,0,0,0,0,0,0,0,0,0,0,0,0,0,0,0,0,0,0,0,5469,0,0
2010-02-08,0,0,0,0,0,0,0,0,0,0,0,129,0,0,0,716,0,0,0,0,0,0,0,0,0,0,0,0,0,0,0,0,0,0,0,0,0,0,0,1388,6881,0,0
2010-02-09,0,172,0,0,0,0,0,0,0,0,0,0,0,0,2577,1039,0,0,0,0,0,0,0,0,0,0,0,0,0,0,0,0,0,0,0,0,0,0,0,0,7154,0,0
2010-02-10,0,0,0,0,0,0,0,0,0,0,0,0,0,0,0,138,0,0,0,0,0,0,0,0,0,0,0,0,0,0,46,0,0,0,0,41,0,0,0,0,3763,0,0
2010-02-11,0,0,0,0,0,0,0,0,0,0,0,0,0,0,540,177,0,0,0,0,0,0,0,0,0,0,0,0,0,0,0,0,0,0,0,0,306,0,0,0,8076,0,0
2010-02-12,0,0,0,0,0,0,0,0,0,0,0,0,0,0,156,801,0,0,0,0,0,0,0,0,0,0,0,0,0,0,0,0,0,0,0,0,0,0,0,12,6724,0,0
2010-02-14,425,0,0,0,0,0,0,0,0,0,0,918,0,0,0,0,0,0,0,0,0,0,0,0,0,0,0,0,0,0,0,0,0,0,0,0,0,0,0,0,9639,0,0
2010-02-15,0,0,0,618,0,0,0,0,288,0,83774,135,0,0,0,333,0,0,0,0,0,0,0,0,0,0,0,0,0,0,0,0,0,0,0,0,0,0,0,0,11505,0,0
2010-02-16,0,0,0,0,0,0,0,0,0,0,0,300,0,0,0,9,0,0,0,0,0,0,0,0,0,0,0,0,0,0,0,0,0,0,0,1304,0,0,0,0,15193,0,0
2010-02-17,0,0,0,0,0,0,0,0,0,0,11960,1190,0,0,0,24,0,0,0,0,0,0,0,0,0,0,0,0,0,0,0,0,0,0,0,0,0,0,0,0,14487,0,0
2010-02-18,0,0,0,0,0,0,0,0,0,0,0,7,0,0,0,102,0,0,0,0,0,0,0,0,0,0,8621,0,0,0,0,0,0,0,0,0,0,0,0,0,11445,0,0
2010-02-19,0,0,0,0,0,0,0,0,0,0,0,0,0,0,0,0,0,0,0,0,0,0,0,0,0,0,0,0,0,0,0,0,0,0,0,0,0,0,0,0,12755,0,0
2010-02-21,132,0,0,0,0,0,0,0,0,0,0,314,0,0,0,0,0,0,0,0,0,0,0,0,0,0,0,0,0,0,0,0,0,0,0,0,0,0,0,0,6024,0,0
2010-02-22,67,100,0,0,0,0,0,0,6,0,0,340,0,0,4,2,0,0,0,0,0,0,0,0,0,0,0,0,0,0,0,0,0,0,0,0,0,0,0,798,12143,0,0
2010-02-23,0,0,0,0,0,0,0,0,0,0,0,0,0,0,583,170,0,0,0,0,0,39,0,0,0,0,0,0,0,0,0,0,0,0,0,0,0,0,0,0,11178,0,0
2010-02-24,0,0,0,0,0,0,0,0,0,0,0,1879,0,0,0,0,0,0,0,0,0,0,0,0,0,0,640,0,0,0,0,0,0,0,0,7152,0,0,0,0,12867,0,0
2010-02-25,0,0,0,0,0,0,0,0,0,0,0,0,0,0,266,163,0,0,0,0,0,0,0,0,0,0,0,0,0,0,0,0,0,0,0,0,0,0,0,0,26453,0,0
2010-02-26,0,0,0,0,0,0,0,0,0,0,0,0,0,0,0,0,0,0,0,0,0,0,0,0,0,0,935,0,0,0,0,0,0,0,0,0,0,0,0,0,6968,0,0
2010-02-28,0,0,0,0,0,0,0,0,0,0,0,0,0,0,0,324,0,0,0,0,0,0,0,0,0,0,0,0,0,0,0,0,0,0,8,0,0,0,0,0,8234,0,0
2010-03-01,0,0,0,0,0,0,0,0,0,0,0,0,0,0,362,0,0,0,0,0,0,0,0,0,0,0,100,0,0,194,0,0,0,0,209,0,0,0,0,0,20779,0,0
2010-03-02,0,0,0,0,0,0,0,0,0,0,0,0,0,0,904,128,0,0,0,0,0,0,0,0,0,0,1782,0,0,0,194,0,0,0,0,0,0,0,0,0,9176,0,0
2010-03-03,0,0,0,1,0,0,0,0,0,0,0,6504,0,0,186,234,0,0,0,0,99,0,0,0,0,0,0,0,0,0,0,0,0,0,0,0,0,0,0,0,13550,0,0
2010-03-04,167,0,0,0,0,0,0,0,8,0,0,612,0,0,119,0,0,0,0,0,0,0,0,0,0,0,0,0,0,0,0,0,0,0,0,0,252,0,0,0,17596,0,0
2010-03-05,0,0,0,486,0,0,0,0,0,0,0,2666,0,0,217,1039,259,0,0,0,0,0,0,0,0,0,0,0,0,0,0,0,0,0,0,0,0,0,0,0,13640,0,0
2010-03-07,0,0,0,0,0,0,0,0,0,0,0,0,0,0,0,1338,0,0,0,0,0,0,0,0,0,0,0,0,0,0,0,0,0,0,0,0,0,0,0,0,9804,0,0
2010-03-08,0,209,0,0,0,0,0,0,104,0,0,0,0,0,6,596,0,0,0,0,400,0,0,0,0,0,101,0,0,0,2,0,0,0,0,0,0,0,0,0,14281,0,0
2010-03-09,0,0,0,0,0,0,0,0,0,0,0,12,0,0,481,66,0,0,0,0,0,0,0,0,0,0,0,0,0,0,0,0,0,0,353,130,0,0,0,0,12001,0,0
2010-03-10,0,0,0,0,0,0,0,0,0,0,0,225,0,0,16,173,0,0,0,0,0,0,0,0,0,0,0,0,0,0,0,0,0,0,0,261,0,0,0,0,17692,0,0
2010-03-11,0,0,0,0,0,0,0,0,0,0,0,0,0,0,0,0,0,0,0,0,0,0,0,0,0,0,2158,0,0,0,0,0,0,0,0,0,0,0,0,0,12069,0,0
2010-03-12,0,0,0,0,0,0,0,0,0,0,328,442,0,0,160,1,0,0,0,0,0,0,0,0,0,0,4414,0,0,0,0,0,0,0,0,0,0,0,0,0,5818,0,0
2010-03-14,0,0,0,0,0,0,0,0,0,0,0,0,0,0,0,0,0,0,0,0,0,0,0,0,0,0,1424,0,0,0,0,0,0,0,0,0,0,0,0,0,3531,0,0
2010-03-15,0,0,0,0,0,0,0,0,0,0,0,862,0,0,657,52,0,0,0,0,0,96,0,0,0,0,100,0,0,0,0,0,0,0,0,4,0,0,0,0,13528,0,0
2010-03-16,0,0,0,0,0,0,0,0,296,0,0,4,0,0,0,493,0,0,0,0,0,0,0,0,0,0,0,0,0,0,0,0,0,0,0,36,0,0,0,0,12500,0,0
2010-03-17,0,0,0,0,0,0,0,0,0,0,63974,211,0,0,0,1397,0,0,0,0,0,0,0,0,0,0,0,0,0,0,0,0,0,0,0,0,0,0,0,0,13354,0,0
2010-03-18,0,0,0,0,2798,0,0,0,0,0,0,435,0,0,617,796,0,0,0,0,0,0,0,0,0,0,0,0,0,0,0,0,0,0,0,0,0,0,0,0,19081,0,0
2010-03-19,0,0,70,0,0,0,0,1,0,0,0,470,0,0,0,0,0,0,0,0,0,0,0,0,0,0,0,0,5,0,0,0,0,0,0,138,202,0,0,0,12671,0,0
2010-03-21,0,0,0,0,0,0,0,0,330,0,0,0,0,0,0,0,0,0,0,0,0,0,0,0,0,0,182,0,0,0,0,0,0,0,0,0,0,0,0,0,12060,0,0
2010-03-22,0,0,0,0,0,0,0,0,0,0,0,503,0,0,0,388,11,0,0,0,0,0,0,0,0,0,0,0,0,0,0,0,0,0,0,145,0,0,0,0,11962,0,0
2010-03-23,24,0,28,0,0,0,0,0,325,0,0,100,0,0,0,6,0,0,0,0,0,0,0,0,0,0,0,0,0,0,2,0,0,0,0,0,0,0,0,0,54068,0,0
2010-03-24,0,1,0,0,0,0,0,0,0,0,0,259,0,0,507,985,0,0,0,0,0,0,0,0,0,0,0,0,0,0,1158,0,0,0,0,0,0,0,0,1359,10879,0,0
2010-03-25,0,191,0,0,0,0,0,0,0,0,0,783,0,0,362,437,0,0,0,0,0,0,0,0,0,0,69,0,0,0,0,0,0,0,448,0,0,0,0,0,15028,0,0
2010-03-26,0,0,0,0,0,0,0,0,0,0,0,222,0,0,14,857,0,0,0,0,0,0,0,0,0,0,6434,0,0,0,0,0,0,0,0,0,0,0,0,0,13518,0,0
2010-03-28,0,0,0,0,0,0,0,0,0,0,0,0,0,0,0,0,0,0,0,0,0,0,0,0,0,0,0,0,0,0,0,0,0,0,0,0,0,0,0,0,14628,0,0
2010-03-29,0,0,10,0,0,0,0,0,0,0,0,0,0,0,0,10,0,0,0,0,0,0,0,0,0,0,0,0,0,0,0,0,0,0,33,0,0,0,0,0,25223,0,0
2010-03-30,0,0,0,0,0,0,0,996,0,0,0,610,0,0,10,0,0,0,0,0,0,0,0,0,0,0,0,0,0,0,0,0,0,0,0,0,0,0,0,0,18016,0,0
2010-03-31,0,0,0,0,0,0,0,0,0,0,0,0,0,0,0,20,0,0,0,0,0,0,0,0,0,0,0,0,0,0,0,0,0,0,6,0,0,0,0,0,13781,0,0
2010-04-01,0,0,0,131,0,0,0,0,0,0,0,0,0,0,404,1375,0,0,0,0,0,0,0,0,0,0,2474,0,0,0,0,0,0,0,0,0,0,0,0,0,13152,0,0
2010-04-06,0,0,0,0,0,0,0,0,0,0,0,0,0,0,0,0,0,0,0,0,0,0,0,0,0,0,0,0,0,0,0,0,0,0,0,0,0,0,0,0,13233,153,0
2010-04-07,0,0,0,0,0,0,0,0,0,0,0,204,0,0,1100,462,0,0,0,0,0,1,0,0,0,0,0,0,0,0,0,0,0,0,0,7296,0,0,0,0,14499,0,0
2010-04-08,487,0,0,0,0,0,0,0,0,0,0,0,0,0,0,177,0,0,0,0,0,0,0,0,0,0,148,0,0,0,0,0,0,0,0,0,0,0,0,0,26169,0,0
2010-04-09,0,0,0,0,0,0,0,0,0,0,0,0,0,0,307,1216,0,0,0,0,0,0,0,0,0,0,324,0,0,0,0,0,0,0,0,0,0,0,0,0,7721,0,0
2010-04-11,0,0,0,0,0,0,0,0,0,0,0,0,0,0,0,2334,0,0,0,0,0,0,0,0,0,0,0,0,0,0,0,0,0,0,0,0,366,0,0,0,9027,0,0
2010-04-12,0,0,0,1,0,0,0,367,4,0,0,650,0,0,0,1462,0,0,0,0,0,0,0,0,0,0,0,0,0,0,0,0,0,0,0,0,1,0,0,0,10746,0,0
2010-04-13,0,0,0,0,0,0,0,0,0,0,0,6464,0,0,0,0,0,0,0,0,0,0,0,0,0,0,102,0,0,0,0,0,0,0,265,0,0,0,0,0,9466,0,0
2010-04-14,0,0,0,0,0,0,0,0,0,0,0,628,0,0,482,460,0,0,0,0,0,0,0,0,0,0,0,0,0,0,0,0,0,0,1,0,0,0,0,0,15172,0,0
2010-04-15,0,0,0,0,0,0,0,0,0,0,0,0,0,0,0,215,0,0,0,0,0,0,0,0,0,0,0,0,0,0,0,0,0,0,232,0,0,0,0,0,10370,0,0
2010-04-16,0,0,0,734,0,0,0,0,0,0,0,0,0,0,216,163,0,0,0,0,0,0,0,0,0,0,366,0,0,0,0,0,0,0,0,4696,0,0,0,0,9750,0,0
2010-04-18,0,0,0,168,0,0,0,0,0,0,0,0,0,0,0,0,0,0,0,0,1,0,0,0,0,0,68,0,0,0,0,0,0,0,0,4768,0,0,0,0,8036,0,0
2010-04-19,0,0,0,0,0,0,0,0,0,0,0,1201,0,0,0,512,0,0,0,0,0,0,0,0,0,0,0,0,0,0,0,0,0,0,0,1740,0,0,0,10,16006,0,0
2010-04-20,0,0,0,0,0,0,0,0,0,0,0,375,0,0,0,381,0,0,0,0,0,0,0,0,0,0,285,0,0,0,0,0,0,0,0,0,0,0,0,0,12554,0,0
2010-04-21,0,0,0,1,0,0,0,0,459,0,0,0,0,649,572,1836,0,1367,0,0,0,0,0,0,0,0,0,0,0,0,0,0,0,0,0,4,0,0,0,0,8457,0,0
2010-04-22,0,0,0,0,0,0,0,0,0,0,576,1569,0,0,8,699,0,0,0,0,0,0,0,0,0,0,326,0,0,0,0,0,0,0,0,0,0,0,0,0,19433,0,0
2010-04-23,0,0,0,0,0,0,0,0,0,0,0,0,0,0,60,18,0,0,0,0,0,0,0,0,0,0,0,0,0,0,0,0,0,0,0,146,0,0,0,0,10085,0,0
2010-04-25,0,0,0,0,0,0,0,0,0,0,0,309,0,0,0,330,0,0,0,0,0,0,0,0,0,0,0,0,0,0,0,0,0,0,0,0,0,0,0,0,7887,0,0
2010-04-26,0,0,0,0,0,0,0,0,0,0,0,1274,0,0,0,745,0,0,0,0,0,0,0,0,0,0,0,0,0,0,0,0,0,0,0,0,0,0,0,0,17645,0,0
2010-04-27,73,0,0,0,0,0,0,0,0,0,0,1,0,0,0,0,0,0,0,0,0,0,0,0,0,0,0,0,0,0,0,0,0,509,0,0,0,0,0,0,23160,0,0
2010-04-28,0,0,0,412,0,0,0,0,0,0,0,0,0,0,1015,111,94,0,0,0,417,0,0,0,0,0,0,0,0,0,0,0,0,0,0,0,21,0,0,0,17475,0,0
2010-04-29,0,0,0,0,0,0,0,0,0,0,0,767,0,0,7,4,0,0,0,0,473,0,0,0,0,0,0,0,0,0,110,0,0,0,0,0,835,0,0,0,15005,0,0
2010-04-30,0,798,0,0,0,0,0,0,0,0,0,520,0,0,0,151,0,0,0,0,0,0,0,0,0,0,851,0,0,0,0,0,0,0,0,0,0,0,0,0,15539,0,0
2010-05-02,0,0,0,0,0,0,0,0,0,0,0,631,0,0,0,89,0,0,0,0,0,0,0,0,0,0,73,0,0,0,0,0,0,0,0,0,0,0,0,0,5524,0,0
2010-05-04,0,0,0,0,0,0,0,0,0,0,0,935,0,4,0,18,0,0,0,0,705,0,0,0,0,0,0,0,0,0,0,0,0,0,1098,0,0,0,0,0,8628,0,0
2010-05-05,0,0,0,8,0,0,0,587,0,0,0,0,0,0,0,228,0,0,0,0,0,0,0,0,0,0,0,0,0,0,0,0,0,0,0,0,0,0,0,0,15320,0,0
2010-05-06,270,0,0,0,0,0,0,0,0,0,0,1876,0,0,5506,888,0,0,0,0,0,0,0,0,0,0,11784,0,0,0,0,0,0,0,0,0,0,0,0,0,11493,0,0
2010-05-07,0,0,0,0,0,0,0,0,0,0,0,0,0,0,566,0,0,0,0,0,0,0,0,0,0,0,0,0,0,0,0,0,0,0,0,0,0,0,0,0,22763,0,0
2010-05-09,0,0,0,38,0,0,0,0,0,0,0,2192,0,0,0,0,0,0,0,0,0,0,0,0,0,0,0,0,0,0,0,0,0,0,0,0,0,0,0,0,9750,0,0
2010-05-10,0,0,49,0,0,0,0,0,0,0,0,536,0,0,166,7,0,0,0,0,336,0,0,0,0,0,547,0,0,0,0,0,0,0,0,0,0,0,0,0,14717,0,0
2010-05-11,0,0,0,0,0,0,0,0,144,0,0,593,0,370,498,48,0,0,0,0,0,0,0,0,0,0,0,0,0,0,0,0,0,0,0,0,0,0,377,0,16195,0,0
2010-05-12,0,0,0,0,0,0,0,0,0,0,0,0,0,0,204,331,320,0,0,0,0,0,0,0,0,0,0,0,0,0,0,0,0,0,0,6084,147,0,0,0,14625,0,0
2010-05-13,0,0,0,0,0,0,0,0,0,0,0,974,0,0,436,310,0,0,0,0,0,0,0,0,0,0,0,0,0,0,0,0,0,0,400,0,0,0,36,0,33728,0,0
2010-05-14,0,0,0,0,0,0,0,0,0,0,0,4,0,0,5,119,0,0,0,0,0,0,0,0,0,0,0,0,0,0,0,0,0,0,0,0,0,0,0,0,16827,0,0
2010-05-16,0,0,0,0,0,0,0,0,0,0,0,0,0,0,638,0,0,0,0,0,0,0,0,0,0,0,1234,0,0,0,0,0,0,0,0,0,0,0,0,0,9288,0,0
2010-05-17,0,0,0,0,0,0,0,0,0,0,0,550,0,0,0,332,0,0,0,0,1,0,0,0,0,0,0,0,0,0,0,0,0,0,0,0,0,0,0,0,13255,0,0
2010-05-18,0,0,0,0,0,0,0,0,0,0,0,0,0,0,0,114,0,0,0,0,1,0,0,0,0,0,0,0,0,0,0,0,0,0,0,0,315,0,0,0,22466,0,0
2010-05-19,0,0,0,0,0,0,0,146,0,0,0,14,0,0,8,1,0,0,0,0,0,0,0,0,0,0,0,0,0,0,0,0,0,0,0,0,0,0,0,0,9771,0,0
2010-05-20,0,0,0,0,0,0,0,0,0,0,0,180,0,0,0,209,0,0,0,0,0,0,0,0,0,0,0,0,0,0,0,0,0,0,0,0,294,0,0,0,15066,0,0
2010-05-21,391,0,303,0,0,0,0,1,0,0,0,275,0,0,161,666,486,0,0,0,1,0,0,0,0,0,0,0,0,0,0,0,0,0,0,0,0,0,0,0,7912,0,0
2010-05-23,0,0,0,0,0,0,0,0,0,0,0,0,0,0,0,137,0,0,0,0,0,0,0,0,0,0,0,0,0,0,107,0,0,0,0,0,4402,0,0,0,9597,0,0
2010-05-24,8,0,0,0,0,0,0,0,0,0,0,358,0,0,0,387,0,0,0,0,0,0,0,0,0,0,737,0,0,0,218,0,0,0,0,0,0,0,0,0,31218,0,0
2010-05-25,0,656,0,0,0,0,0,306,0,0,0,4,0,0,0,0,0,0,0,0,0,0,0,0,0,0,535,0,0,0,0,0,0,0,0,0,2,0,0,0,13729,0,0
2010-05-26,0,0,0,0,0,0,0,1369,0,0,0,656,0,0,532,26,0,2,0,0,1,0,0,0,0,0,0,0,0,0,0,0,0,0,0,0,787,0,0,0,15651,0,0
2010-05-27,0,0,0,0,0,0,0,0,0,0,0,0,0,0,0,84,0,0,0,0,0,0,0,0,0,0,0,0,0,0,0,0,0,0,0,0,12,0,0,0,17955,0,0
2010-05-28,0,0,0,0,0,0,0,0,0,0,0,0,0,0,540,442,0,0,0,0,0,0,0,0,0,0,0,0,0,0,0,0,0,0,0,0,0,0,0,0,12870,0,0
2010-05-30,0,0,0,0,0,0,0,0,0,0,0,0,0,0,0,0,0,0,0,0,0,0,0,0,0,0,0,0,0,0,0,0,0,0,0,0,0,0,0,0,6306,0,0
2010-06-01,0,0,0,0,0,0,0,0,0,0,0,0,0,0,92,147,0,0,0,0,0,0,0,0,0,0,0,0,0,0,0,0,0,0,0,0,0,0,0,0,8155,0,0
2010-06-02,0,0,0,0,0,0,0,0,0,0,0,0,0,0,280,0,0,0,0,0,0,0,0,0,0,0,0,0,0,0,0,0,0,0,0,0,0,0,0,0,11558,0,0
2010-06-03,0,0,0,372,0,0,0,3,0,0,0,853,0,0,399,0,0,0,0,0,0,0,0,0,0,0,3708,0,0,0,0,0,0,0,0,0,0,0,0,0,12617,0,0
2010-06-04,3,0,0,0,0,0,0,0,0,0,0,0,0,0,162,435,0,0,0,0,1,0,0,0,0,0,0,0,0,0,5,0,0,0,0,0,0,0,0,0,7574,0,0
2010-06-06,0,0,0,0,0,0,0,0,0,0,0,0,0,0,393,703,0,0,0,0,0,0,0,0,0,0,0,0,0,0,0,0,0,0,0,0,0,0,0,0,13122,0,0
2010-06-07,0,281,0,0,0,0,0,0,0,0,0,0,0,0,0,1361,0,0,0,0,0,0,0,0,0,0,0,0,0,0,0,0,0,0,0,0,0,0,0,0,30773,0,0
2010-06-08,0,0,0,0,0,0,0,0,0,0,0,0,0,0,0,750,0,0,0,0,0,0,0,0,0,0,0,0,0,0,0,0,0,0,0,0,192,0,0,0,25358,0,0
2010-06-09,422,0,0,0,0,0,0,0,0,0,0,0,0,0,81,0,0,0,0,0,0,0,0,0,0,0,0,0,0,0,723,0,0,0,0,53,0,0,336,0,24112,0,0
2010-06-10,0,0,0,0,0,0,0,0,0,0,0,24,0,0,450,146,0,0,0,0,0,0,0,0,0,0,0,0,0,0,0,0,0,0,0,0,0,0,0,0,9588,0,0
2010-06-11,0,0,0,0,0,0,0,0,0,0,750,858,0,0,467,0,0,0,0,0,0,0,0,0,0,0,0,0,0,0,0,0,0,0,504,0,0,0,0,0,19310,0,0
2010-06-13,0,0,0,0,0,0,0,0,0,0,0,0,0,242,0,252,0,0,0,0,0,0,0,0,0,0,0,0,0,0,0,0,0,0,0,0,0,0,0,0,10728,0,0
2010-06-14,0,0,0,0,0,0,0,0,0,0,0,1523,0,0,816,0,0,0,0,0,133,0,0,0,0,0,0,0,0,0,0,0,0,0,0,0,0,0,0,0,14373,0,0
2010-06-15,0,0,0,0,0,0,0,0,0,0,0,6128,0,0,0,1525,0,0,0,0,0,0,0,0,0,0,0,0,0,0,0,0,0,0,0,0,0,0,0,0,12004,0,0
2010-06-16,0,0,0,0,0,0,0,0,0,0,0,36,0,0,0,766,0,0,0,0,0,0,0,0,0,0,0,0,0,0,0,0,0,0,380,0,0,0,0,0,17888,0,0
2010-06-17,0,0,0,49,0,0,0,0,0,0,495,404,0,0,880,0,0,0,0,0,0,0,0,0,0,0,0,0,0,0,0,0,0,0,0,0,0,0,0,0,11639,0,0
2010-06-18,0,0,0,0,0,0,0,0,0,0,642,0,0,0,0,0,0,0,0,0,0,0,0,0,0,0,2763,0,0,0,0,0,0,0,0,0,0,0,0,0,6257,0,0
2010-06-20,0,0,0,0,0,0,0,0,0,0,0,640,0,0,0,430,0,0,0,0,0,0,0,0,0,0,0,0,0,0,0,0,0,0,0,0,0,0,0,0,3427,0,0
2010-06-21,0,0,0,0,0,0,0,0,0,0,0,0,0,0,0,0,0,0,0,0,0,0,0,0,0,0,0,0,0,0,0,0,0,0,0,0,0,2028,0,0,10118,0,0
2010-06-22,0,0,0,0,0,0,0,0,100,0,0,145,0,0,319,0,0,0,0,0,0,0,0,0,0,0,61,0,0,0,150,0,0,0,0,0,0,0,1,0,6216,0,0
2010-06-23,240,0,0,163,0,0,0,0,0,0,0,636,0,0,0,0,0,0,0,0,0,291,0,0,0,0,0,0,0,0,177,0,0,0,0,0,0,0,0,0,14752,0,0
2010-06-24,0,0,0,0,0,0,0,500,0,0,2,257,0,0,325,1247,0,939,0,0,0,0,0,0,0,0,0,0,0,282,0,0,0,0,0,0,0,0,213,0,8133,0,0
2010-06-25,0,0,224,0,0,0,0,0,0,0,0,334,0,0,0,0,0,0,0,0,0,0,0,0,0,0,0,0,0,0,0,0,0,0,0,0,0,0,0,0,7453,0,0
2010-06-27,0,0,0,0,0,0,0,0,0,0,0,0,0,0,0,0,0,0,0,0,0,0,0,0,0,0,0,0,0,0,0,0,0,0,0,0,0,0,0,0,11139,0,0
2010-06-28,0,0,0,1,0,0,0,0,0,0,0,0,0,0,0,455,0,0,0,0,0,137,0,0,0,0,9172,0,0,0,582,0,0,0,0,414,1786,0,1,0,29656,0,0
2010-06-29,0,0,0,1020,0,0,0,0,0,0,0,50,0,0,497,421,0,0,0,0,0,0,0,0,0,0,75,0,0,0,0,0,0,0,0,0,0,0,0,0,19252,0,0
2010-06-30,1618,0,0,12,0,0,0,0,0,0,0,501,0,0,564,781,120,0,0,0,0,22,0,0,0,0,0,0,0,0,0,0,0,0,0,0,0,0,0,0,19007,0,0
2010-07-01,4,0,0,0,0,0,0,0,0,0,0,545,0,0,158,627,0,0,0,762,0,0,0,0,0,0,145,0,0,143,0,0,0,0,0,0,0,0,0,0,14274,0,0
2010-07-02,0,0,0,0,0,0,0,0,0,0,0,0,0,0,0,2284,0,0,0,0,0,0,0,0,0,0,0,0,0,1,0,0,0,0,0,0,392,0,0,0,6119,0,0
2010-07-04,0,0,0,0,0,0,0,0,0,0,0,0,0,0,0,0,0,0,0,0,0,0,0,0,0,0,0,0,0,0,0,0,0,0,0,0,0,0,0,0,5346,0,0
2010-07-05,0,0,0,0,0,0,0,0,0,0,0,149,0,0,509,256,0,0,0,0,0,20,0,0,0,0,0,0,0,0,0,0,0,0,0,0,0,524,0,0,15530,0,0
2010-07-06,48,0,0,92,0,0,0,0,0,0,164,232,0,0,292,251,0,0,0,0,0,0,0,0,0,0,0,0,0,0,0,0,0,0,0,0,0,0,0,0,11147,0,0
2010-07-07,0,0,0,0,0,0,0,0,0,0,0,1891,0,0,263,307,0,0,0,0,0,0,0,0,0,0,317,0,0,0,0,0,0,0,0,0,0,0,0,0,12039,0,0
2010-07-08,0,0,0,530,0,0,0,0,0,0,0,0,0,0,0,1643,0,0,0,0,0,0,0,0,0,0,0,0,0,0,72,0,0,0,0,0,0,0,0,0,9597,0,0
2010-07-09,0,0,0,0,0,0,0,0,0,0,0,7912,0,0,0,872,0,0,0,0,0,0,0,0,0,0,0,0,0,6,0,0,0,0,0,0,0,0,0,0,5507,0,0
2010-07-11,0,0,0,0,0,0,0,0,0,0,0,0,0,0,0,0,0,0,0,0,0,0,0,0,0,0,0,0,0,0,0,0,0,0,0,0,0,0,0,0,5850,0,0
2010-07-12,0,0,0,0,0,0,0,0,0,0,0,354,0,0,0,350,0,0,0,0,0,0,0,0,0,0,0,0,0,0,0,0,0,0,0,0,0,0,0,0,9296,0,0
2010-07-13,0,0,0,0,0,0,0,0,0,0,0,1023,0,158,0,0,0,0,0,0,0,0,0,0,0,0,0,0,0,0,0,0,0,0,0,0,0,0,0,0,8395,638,0
2010-07-14,2,0,0,0,0,0,0,0,0,0,0,927,0,0,0,2,0,0,0,0,0,0,0,0,971,0,0,0,0,0,0,0,0,0,0,0,0,0,0,0,11165,639,0
2010-07-15,0,0,0,0,0,0,0,0,0,0,0,330,0,0,614,0,0,0,0,0,0,0,0,0,0,0,65,0,0,0,0,0,0,0,0,0,0,0,0,0,27051,0,0
2010-07-16,175,0,0,0,0,0,0,0,0,0,0,1084,0,0,0,2574,0,0,0,0,0,0,0,0,0,0,0,0,0,0,0,0,0,0,0,0,0,0,0,0,10913,0,0
2010-07-18,0,0,0,0,0,0,0,0,0,0,0,264,0,0,0,1173,0,0,0,0,0,0,0,0,0,0,0,0,0,0,0,0,0,0,0,0,0,0,0,0,8328,0,0
2010-07-19,0,0,0,324,0,0,0,0,0,0,0,1,0,204,0,103,0,0,0,0,0,0,0,0,0,0,2330,0,0,0,0,0,0,0,0,2008,0,0,0,0,13599,0,0
2010-07-20,0,0,0,0,0,0,0,0,0,0,0,285,0,0,0,271,0,0,0,0,0,358,0,0,0,0,0,0,0,0,0,0,0,0,0,0,0,0,0,0,11375,0,0
2010-07-21,0,0,0,186,0,0,0,7,0,0,0,1,0,0,10,894,0,0,0,0,0,0,0,0,0,0,0,0,0,0,0,0,0,0,0,0,0,0,0,0,12276,0,0
2010-07-22,0,0,0,0,0,0,0,0,0,0,0,0,0,0,476,4,0,0,0,0,0,0,0,0,0,0,21,0,0,0,0,0,0,0,29,0,0,0,0,0,13566,0,0
2010-07-23,0,0,0,0,0,0,0,0,0,0,0,0,0,0,668,522,0,0,0,0,0,716,0,0,0,0,0,0,0,0,0,0,0,0,0,0,0,0,0,0,11880,0,0
2010-07-25,0,0,0,161,0,0,0,1,0,0,0,54,0,0,76,0,0,0,0,0,0,0,0,0,0,0,17,0,0,0,0,0,0,0,0,0,130,0,0,0,11263,0,0
2010-07-26,0,0,0,0,0,0,0,0,0,0,0,99,0,0,0,810,0,0,0,0,0,0,0,0,0,0,413,0,0,0,0,0,0,0,0,0,13,0,0,0,15433,0,0
2010-07-27,0,0,0,0,0,0,0,0,0,0,0,263,0,0,216,0,0,0,0,0,0,0,0,0,0,0,101,0,0,0,0,0,0,0,179,505,0,0,0,0,13567,0,0
2010-07-28,0,0,0,0,0,0,0,0,0,0,0,0,0,0,734,0,0,0,0,0,0,0,0,0,0,0,1,0,0,0,0,0,0,0,602,0,0,0,0,0,12135,0,0
2010-07-29,0,0,0,100,0,0,0,0,0,0,0,1,0,0,135,214,0,0,0,0,0,0,0,0,0,0,0,0,0,0,0,0,0,0,0,0,0,0,0,0,13610,0,0
2010-07-30,1,0,0,0,0,0,0,0,0,0,0,324,0,0,0,2,0,0,0,0,0,0,0,0,0,0,0,0,0,0,0,0,0,0,0,240,0,0,137,0,8143,0,0
2010-08-01,0,0,0,0,0,0,0,0,0,0,0,0,0,0,0,0,0,0,0,0,0,0,0,0,0,0,0,0,0,0,0,0,0,0,0,0,0,0,0,0,9916,0,0
2010-08-02,0,0,0,127,0,0,0,0,0,0,0,0,0,0,0,131,0,0,0,0,0,0,0,0,0,0,0,0,0,0,0,0,0,0,0,0,0,0,0,0,11929,0,0
2010-08-03,0,0,0,0,0,0,0,0,0,0,0,673,0,0,0,380,0,0,0,0,0,1,0,0,0,0,0,0,0,0,0,0,0,0,5,0,0,0,0,0,15448,0,0
2010-08-04,0,0,0,0,0,0,0,0,0,0,0,0,0,0,98,533,0,0,0,0,0,0,0,0,0,0,265,0,0,0,0,0,0,0,0,0,0,0,0,0,11651,0,0
2010-08-05,0,0,0,0,0,0,0,0,0,0,0,322,0,0,120,187,0,0,0,0,0,0,0,0,0,0,0,0,0,0,0,0,0,0,0,0,0,0,0,0,16592,0,0
2010-08-06,0,0,0,0,0,0,0,0,0,0,0,1,0,0,0,469,0,0,0,0,0,0,0,0,0,0,0,0,0,0,0,0,0,0,0,0,0,0,0,0,9800,0,0
2010-08-08,0,0,0,0,0,0,0,0,0,0,0,492,0,0,0,0,0,0,0,0,0,0,0,0,0,0,0,0,0,0,0,0,0,0,0,0,0,0,0,0,7737,0,0
2010-08-09,0,0,0,0,0,0,0,0,0,0,371,192,0,0,87547,8,0,0,0,0,0,0,0,0,0,0,0,0,0,0,0,0,0,0,0,0,284,0,0,0,12301,0,0
2010-08-10,0,0,0,0,0,0,0,0,0,0,0,0,0,0,0,0,0,0,0,0,0,0,0,0,0,0,11922,0,0,0,0,0,0,0,0,0,378,0,0,0,8239,0,0
2010-08-11,0,0,0,0,0,0,0,0,0,0,0,5,0,0,0,170,0,2,0,0,0,0,0,0,0,0,0,0,0,0,104,0,0,0,0,0,0,0,0,0,7966,0,0
2010-08-12,0,0,0,0,0,0,0,0,0,0,0,425,0,0,0,4,0,0,0,0,0,0,0,0,0,0,0,0,0,0,0,0,0,0,169,0,0,0,0,0,18170,0,0
2010-08-13,0,0,0,0,0,0,0,0,0,0,0,218,0,0,0,11,0,0,0,0,0,0,0,0,0,0,0,0,0,0,0,0,0,0,18,426,0,0,0,0,17882,0,0
2010-08-15,0,0,0,0,0,0,0,0,0,0,0,759,0,0,282,0,0,0,0,0,0,0,0,0,0,0,149,0,0,0,0,0,0,0,0,0,0,0,0,0,16261,0,0
2010-08-16,0,0,0,0,0,0,0,0,0,0,0,0,0,0,0,446,0,0,0,0,0,0,0,0,0,0,0,0,0,0,0,0,0,0,0,1403,0,0,0,0,9409,0,0
2010-08-17,88,0,0,0,0,0,0,0,0,0,4,0,0,0,0,483,0,0,0,0,0,0,0,0,0,0,4144,0,0,0,0,0,0,0,0,0,0,0,0,0,13865,0,0
2010-08-18,0,0,0,0,0,0,0,0,0,0,0,8547,0,0,0,315,0,0,0,0,0,0,0,0,0,0,0,0,0,0,0,0,0,0,0,0,0,0,0,0,14047,0,0
2010-08-19,0,0,0,0,0,0,0,0,0,0,1067,1220,0,0,0,272,0,0,0,0,0,0,0,0,0,0,0,0,0,0,0,0,0,0,3,1,0,0,0,1364,18677,0,0
2010-08-20,0,689,0,0,0,0,0,300,0,0,0,810,0,0,0,215,0,0,0,0,0,0,0,0,0,0,101,102,509,0,0,0,0,0,0,0,400,0,0,0,16505,0,0
2010-08-22,0,0,0,221,0,0,0,0,0,0,0,586,0,0,0,280,0,0,0,0,0,0,0,0,0,0,0,0,0,0,0,0,0,0,110,0,0,0,0,0,12743,0,0
2010-08-23,0,0,0,0,0,0,0,0,0,0,0,629,0,0,1162,0,561,0,0,0,0,0,0,0,0,0,0,0,0,0,0,0,0,0,0,0,0,0,0,0,10647,0,395
2010-08-24,0,0,0,0,0,0,0,0,0,0,0,176,0,0,0,553,0,0,0,0,0,0,0,0,0,0,277,0,0,0,0,0,0,0,0,0,0,0,0,0,19729,0,0
2010-08-25,0,0,0,0,0,0,0,0,0,0,0,0,0,0,674,318,0,0,0,0,0,0,0,0,0,0,0,0,0,0,0,0,0,0,0,0,36,0,0,0,16706,0,0
2010-08-26,0,0,0,0,0,0,0,362,0,0,0,198,0,0,0,290,0,0,0,0,0,0,0,0,0,0,639,0,0,320,85,0,0,0,0,0,0,0,0,0,15799,0,0
2010-08-27,0,0,0,0,0,0,0,0,0,0,0,0,0,0,0,0,0,0,0,0,0,0,0,0,0,942,0,0,0,0,0,0,0,0,0,0,0,0,0,0,6394,0,0
2010-08-29,0,0,0,0,0,0,0,0,0,0,0,0,0,0,0,0,0,0,0,0,0,0,0,0,0,0,0,0,0,0,0,0,0,0,0,0,0,0,0,0,8791,0,0
2010-08-31,0,0,0,606,0,0,0,0,0,0,82,588,0,0,151,249,0,0,0,0,0,0,0,0,0,2,270,0,0,0,0,0,0,0,373,0,0,0,0,0,12052,0,0
2010-09-01,0,0,0,0,0,0,0,0,167,0,0,50,0,0,14,618,0,0,0,0,0,0,0,0,0,0,5098,0,0,0,4,0,0,0,0,0,0,0,0,557,6465,244,0
2010-09-02,20,389,0,0,0,0,0,0,0,0,0,342,0,0,939,101,0,0,0,0,0,0,0,0,0,0,3773,0,0,0,0,0,0,0,0,0,998,0,0,0,15688,0,0
2010-09-03,0,76,0,61,0,0,0,0,0,0,0,0,0,0,662,0,0,0,0,0,0,0,0,0,0,0,0,0,0,0,95,0,0,0,3,0,0,0,0,0,30445,0,0
2010-09-05,0,0,0,0,0,0,0,0,44,0,0,533,0,0,155,351,0,0,0,0,0,0,0,0,0,0,0,0,0,0,0,0,0,0,0,0,0,0,0,0,6191,0,0
2010-09-06,0,0,0,0,0,0,0,367,0,0,0,129,0,0,286,195,0,0,0,0,0,0,0,0,0,0,0,0,0,236,690,0,0,1244,511,3052,0,0,0,0,9659,0,0
2010-09-07,0,0,0,0,0,0,0,0,0,0,0,641,0,0,179,150,0,0,0,0,0,0,0,0,0,0,432,0,0,123,0,0,0,0,0,0,0,0,0,0,14228,0,0
2010-09-08,0,23,0,0,0,0,0,0,0,0,0,568,0,0,157,241,0,0,0,0,386,0,0,0,0,0,1,0,0,0,0,0,0,0,0,0,0,0,0,0,8987,0,0
2010-09-09,0,0,0,170,0,0,0,0,0,0,0,12,0,390,1797,798,0,0,0,0,0,1100,0,0,0,0,0,0,0,0,0,0,0,0,0,0,0,0,0,0,9134,0,0
2010-09-10,0,0,0,0,0,0,0,0,0,0,0,0,0,0,7,384,0,0,0,0,0,0,0,0,0,0,199,0,0,0,0,0,0,0,0,0,0,0,0,0,10106,0,0
2010-09-12,0,0,0,0,0,0,0,0,0,0,0,730,0,0,0,0,0,0,0,0,0,0,0,0,0,0,0,0,0,0,0,0,0,0,0,0,0,0,0,0,7656,1024,0
2010-09-13,0,0,0,0,0,0,0,0,0,0,0,880,0,0,2,710,0,0,0,0,0,0,0,72,0,0,0,0,0,0,0,0,0,0,0,0,0,0,0,0,26864,0,0
2010-09-14,0,0,0,0,0,0,0,0,0,0,0,0,0,0,595,454,0,0,0,0,0,0,0,0,0,0,156,0,0,0,0,0,0,0,68,221,0,0,8,0,9927,0,0
2010-09-15,0,0,0,320,0,0,0,0,0,0,0,3968,0,0,1,1849,0,0,0,0,0,0,102,0,0,0,2917,0,0,0,0,0,0,0,340,0,107,0,0,0,12047,0,0
2010-09-16,0,946,0,0,0,0,0,0,0,0,0,723,0,0,53,66,0,0,0,0,0,0,0,0,0,0,0,0,619,0,312,0,0,0,0,1,0,0,0,0,12629,0,0
2010-09-17,0,0,0,0,0,0,0,0,0,0,0,8,0,0,1,217,0,0,0,0,0,0,0,0,0,0,0,0,0,0,651,0,0,0,928,0,0,0,0,0,10327,0,0
2010-09-19,0,0,0,0,0,0,0,0,0,0,0,0,0,0,0,0,0,0,0,0,0,0,0,0,0,0,1218,0,0,0,0,0,0,0,0,0,0,0,0,0,12581,0,0
2010-09-20,273,0,0,100,0,0,0,0,291,0,0,1055,0,0,181,560,0,0,0,0,0,0,0,0,0,0,0,0,0,0,0,0,0,0,0,0,0,0,0,0,23105,0,0
2010-09-21,0,0,0,0,0,189,0,1377,0,0,0,1975,0,0,0,327,0,0,0,0,0,0,0,0,0,0,317,0,0,0,0,0,0,0,0,0,0,0,0,0,33621,0,0
2010-09-22,0,0,0,0,0,0,0,600,0,0,0,0,0,0,342,0,146,0,0,0,688,0,0,0,0,0,0,0,0,0,0,0,0,0,4,0,0,0,0,0,13212,0,0
2010-09-23,0,0,0,0,0,0,0,0,0,0,0,292,0,0,1228,0,0,0,0,0,0,0,0,0,0,0,1,0,0,0,0,0,0,0,0,0,0,0,0,0,19953,0,0
2010-09-24,0,0,0,0,0,0,0,652,0,0,583,0,0,0,0,0,0,0,0,0,0,0,0,0,0,0,14552,0,0,0,8,0,0,0,0,0,0,0,0,0,12360,0,0
2010-09-26,0,0,0,0,0,0,0,0,0,0,0,68,0,0,0,0,0,0,0,0,0,0,0,0,0,0,0,0,0,0,8,0,0,0,0,0,0,0,0,0,14134,0,0
2010-09-27,0,0,0,0,0,0,0,0,0,0,724,7783,0,373,0,707,0,0,0,0,0,0,0,0,0,0,47,0,0,0,0,0,0,0,0,0,0,0,0,0,118680,0,0
2010-09-28,0,0,0,1,0,0,0,0,0,0,0,1158,0,0,87167,506,0,0,0,0,0,0,0,0,0,0,493,0,0,0,8,0,0,0,0,0,0,0,0,0,21873,0,0
2010-09-29,0,0,0,0,0,0,0,0,0,0,0,435,0,0,5,5,0,0,0,0,0,0,0,0,0,0,0,0,0,0,0,0,0,0,478,253,0,0,0,0,19708,0,0
2010-09-30,0,0,0,0,0,0,0,645,0,0,0,1547,0,0,414,1142,0,0,0,0,0,0,0,0,0,0,1,0,0,6,39,0,0,0,0,0,251,0,0,0,21063,0,0
2010-10-01,0,43,0,0,0,0,0,856,0,0,0,0,0,360,0,224,0,0,0,0,1,0,0,0,0,0,3198,0,0,0,0,0,0,0,105,285,0,0,0,0,17252,0,0
2010-10-03,0,0,0,0,0,0,0,0,0,0,0,5463,0,0,738,64,0,0,0,0,0,0,0,0,0,0,0,0,0,0,0,0,0,0,918,0,0,0,0,0,13327,0,0
2010-10-04,0,0,0,0,0,0,0,0,0,0,0,101,0,14,559,1006,0,0,0,0,0,0,102,0,0,0,0,0,0,0,0,0,0,0,0,523,0,0,0,0,21426,0,0
2010-10-05,0,0,0,0,0,0,0,2,0,0,0,393,0,0,86,907,0,0,0,0,0,0,0,0,0,0,0,0,0,0,44,0,0,0,134,0,0,0,0,0,33771,0,0
2010-10-06,0,0,0,35,0,0,0,0,0,0,0,473,0,0,0,822,0,0,0,0,0,0,0,0,0,0,0,0,0,0,0,0,0,0,0,0,0,0,0,0,20846,0,0
2010-10-07,144,0,0,0,0,0,0,0,0,0,120,0,0,0,0,253,1753,0,0,0,21,0,0,0,0,0,0,0,0,0,0,0,0,0,0,0,0,0,0,0,28395,0,0
2010-10-08,0,0,0,0,0,0,0,2,0,0,0,270,0,0,0,466,0,0,0,0,0,0,0,0,0,0,854,0,0,0,98,0,0,0,0,4347,196,0,0,0,35419,0,0
2010-10-10,160,0,0,0,0,0,0,0,253,0,0,0,0,0,552,0,0,0,0,0,0,0,0,0,0,0,0,0,0,0,0,0,0,0,0,644,0,0,0,0,10866,0,0
2010-10-11,0,0,0,0,0,0,0,12,0,0,164,774,0,0,3310,0,0,0,0,0,0,0,0,0,0,0,0,0,0,0,1158,0,0,0,0,0,0,0,0,279,19405,0,0
2010-10-12,0,0,0,0,0,0,0,0,0,0,0,0,0,0,371,1277,0,0,0,0,0,0,0,0,0,0,0,0,0,0,0,0,0,0,0,349,0,0,129,0,28387,0,0
2010-10-13,863,0,0,245,0,0,0,0,0,0,0,176,0,315,515,210,0,0,0,0,0,0,0,0,0,0,12990,0,0,0,0,0,0,0,835,0,0,0,0,0,24361,0,0
2010-10-14,0,222,0,0,0,0,0,1,0,0,0,1731,0,0,2013,0,0,0,0,0,0,3199,0,0,0,0,50,0,0,0,0,0,0,0,2232,0,0,0,0,0,28260,0,0
2010-10-15,229,0,0,83,0,0,0,0,0,0,0,0,0,0,310,404,0,0,0,0,0,0,0,0,0,0,64,0,0,0,0,0,0,0,144,0,3082,0,0,0,18245,0,0
2010-10-17,0,0,0,0,0,0,0,0,0,0,0,636,0,0,0,0,0,0,0,0,0,0,0,0,0,0,0,0,0,0,0,0,0,0,0,0,0,0,0,0,18656,0,0
2010-10-18,0,0,0,0,0,0,0,800,0,0,0,563,0,0,0,673,0,0,0,0,0,0,0,0,0,0,1,0,0,0,0,0,0,0,1,0,211,0,0,0,17917,0,0
2010-10-19,0,0,0,0,0,0,0,0,0,0,0,636,0,0,0,1023,0,0,0,0,248,0,0,1,0,0,0,0,0,0,0,0,0,0,4464,0,0,0,0,0,23197,0,0
2010-10-20,134,0,0,0,0,0,0,0,0,0,0,132,0,0,500,252,0,0,0,0,0,0,0,0,0,0,0,0,0,0,0,0,0,0,139,1,0,0,0,0,23087,0,0
2010-10-21,92,0,0,0,0,0,0,243,0,0,0,2568,0,0,5,9,5,0,0,0,525,0,0,0,0,0,0,0,0,0,0,0,0,0,0,0,0,0,0,0,14653,0,0
2010-10-22,0,86,0,0,0,0,0,0,0,0,0,364,0,0,658,839,0,0,0,0,0,0,0,0,0,0,250,0,0,0,3,0,0,0,208,0,332,0,0,72,20884,0,0
2010-10-24,0,0,0,0,0,0,0,0,0,0,0,0,0,0,333,489,0,0,0,0,0,0,0,0,0,0,0,0,0,0,0,0,0,0,0,0,0,0,0,0,14793,0,0
2010-10-25,0,0,0,75,0,0,0,0,0,0,5,579,0,0,14,366,0,0,0,0,0,0,0,0,0,0,140,0,0,0,0,0,0,0,0,0,0,0,0,0,13474,0,0
2010-10-26,259,0,0,0,0,0,671,0,0,0,0,1822,0,0,341,872,0,0,0,0,0,0,0,0,0,0,93,0,0,0,0,0,0,0,0,1088,593,0,0,72,20525,0,0
2010-10-27,0,0,192,0,0,0,0,0,0,0,0,2705,0,0,0,8,0,0,0,0,848,0,0,0,0,0,0,0,0,0,0,0,0,0,0,578,0,0,0,0,11947,0,0
2010-10-28,0,0,0,0,0,0,0,0,0,0,0,728,0,0,0,2,0,0,0,0,519,0,0,0,0,0,6,0,0,0,968,0,0,0,0,0,0,0,0,0,15416,0,0
2010-10-29,0,0,0,226,0,0,0,0,0,0,0,0,0,0,31,1604,0,0,0,0,0,0,0,0,0,0,0,0,0,0,0,1027,0,0,0,0,205,0,0,0,23032,0,0
2010-10-31,0,0,0,0,0,0,0,0,0,0,0,0,0,0,0,216,0,0,509,0,0,0,0,0,0,0,0,0,0,0,0,0,0,0,0,0,0,0,0,0,15900,0,0
2010-11-01,0,0,0,0,0,0,0,337,0,0,0,667,0,0,2,252,0,0,0,0,0,0,0,0,0,0,0,0,0,0,0,2,0,0,0,0,0,0,0,0,13439,0,0
2010-11-02,362,0,0,0,0,0,0,316,0,0,155,64,0,0,497,657,0,0,0,0,24,0,0,0,0,0,0,0,0,0,1,0,0,0,33,163,238,0,0,0,22710,0,0
2010-11-03,0,0,0,8,0,0,0,0,0,0,0,745,0,0,0,349,0,0,0,0,431,0,0,0,0,0,6718,0,1450,0,166,0,0,0,0,0,0,0,0,0,14377,0,0
2010-11-04,7,0,0,0,0,0,0,0,0,0,0,742,0,0,0,3581,0,0,0,0,0,24,0,0,683,0,0,0,0,0,0,0,0,0,89,0,0,0,0,0,55675,0,0
2010-11-05,0,123,0,0,0,0,0,0,0,0,570,2137,0,213,0,1894,0,0,0,0,0,24,0,0,0,0,0,0,1336,0,0,0,0,0,136,10,0,0,0,0,16170,106,0
2010-11-07,0,0,0,0,0,0,0,0,0,0,0,366,0,0,378,583,0,0,0,0,0,0,0,0,0,0,0,0,0,0,0,0,0,0,0,0,0,0,0,0,17500,0,0
2010-11-08,0,0,0,0,0,0,223,0,0,0,1028,398,0,0,8,887,0,0,0,0,0,0,0,0,0,0,388,0,0,0,0,0,0,0,0,0,0,0,0,0,29595,0,0
2010-11-09,0,0,0,0,0,0,0,0,0,0,0,991,0,0,1187,10,0,0,0,0,0,0,0,0,0,0,0,0,0,0,140,0,0,0,4464,0,0,0,0,0,31873,0,0
2010-11-10,0,0,0,694,0,0,0,0,208,0,0,522,0,0,89,164,0,0,0,370,0,0,0,0,0,0,0,0,0,0,0,0,0,0,0,0,119,0,0,463,32802,0,0
2010-11-11,0,0,0,0,0,0,0,0,0,0,0,5,0,0,313,0,0,0,0,0,10,0,0,0,0,0,872,0,0,0,730,0,0,0,0,0,0,0,0,0,33082,4,0
2010-11-12,0,535,0,63,0,0,0,0,0,0,0,673,0,0,241,882,0,0,0,0,0,0,0,0,0,0,49,0,77,568,0,0,0,0,0,0,0,0,0,0,20200,0,0
2010-11-14,0,0,0,0,0,0,0,528,0,0,0,0,0,0,504,0,0,0,0,0,38,0,0,0,0,0,0,0,0,0,0,0,0,0,0,0,0,0,0,0,16553,0,0
2010-11-15,0,0,0,0,0,0,0,0,0,0,0,2585,0,0,0,724,0,0,0,0,0,0,0,0,0,0,0,0,0,0,0,0,0,0,0,0,37,0,234,0,34578,0,0
2010-11-16,12,0,0,0,0,0,0,0,0,0,24,3125,0,0,1450,525,0,0,0,0,0,0,0,0,0,0,113,0,0,0,408,0,0,0,0,0,3879,0,0,0,32628,0,0
2010-11-17,0,0,0,372,0,0,0,0,0,0,0,0,0,0,338,0,0,0,0,0,0,6,0,0,0,0,5258,0,0,0,19,0,0,0,0,0,0,0,0,0,22779,0,0
2010-11-18,0,0,0,0,0,0,0,0,0,0,0,1098,0,0,0,560,0,0,0,0,0,0,0,0,0,0,674,0,0,12,0,0,0,0,0,24,0,0,129,0,19178,0,0
2010-11-19,0,0,0,1002,0,0,0,177,0,0,0,238,0,0,2879,172,0,0,0,0,496,10,0,0,0,0,0,0,0,0,0,0,0,0,23,373,0,0,0,2,20285,0,0
2010-11-21,0,0,0,0,0,0,0,0,0,0,0,218,0,0,346,396,0,0,0,0,12,0,0,0,0,0,0,0,0,0,0,0,0,0,0,145,0,0,0,0,17199,0,0
2010-11-22,351,0,0,0,0,0,0,0,0,0,0,61,0,0,1110,634,0,0,0,0,0,0,0,0,0,0,237,0,0,0,0,0,0,0,0,1,0,0,0,0,17474,0,0
2010-11-23,138,0,0,12,0,0,0,0,0,0,0,316,0,0,592,114,414,0,0,0,0,0,0,0,0,0,254,0,0,0,0,0,0,0,0,0,326,0,0,0,27064,0,0
2010-11-24,0,0,0,0,0,0,0,0,0,0,0,6,0,0,0,0,0,0,0,0,0,0,0,0,0,0,2157,0,0,0,418,0,0,0,0,0,0,0,0,0,28914,0,0
2010-11-25,0,3,0,645,0,0,0,0,0,0,0,0,0,0,0,0,0,0,0,0,0,0,0,0,0,0,0,0,0,0,0,0,0,0,0,0,0,0,0,0,37745,0,0
2010-11-26,0,359,0,0,0,0,0,406,0,0,0,476,0,0,1113,650,0,0,0,0,125,0,0,0,0,0,0,0,0,0,107,0,0,0,457,101,0,0,0,0,13732,0,0
2010-11-28,0,0,0,0,0,0,0,0,0,0,0,0,0,0,0,1352,0,0,0,0,0,0,0,0,0,0,0,0,0,0,0,0,0,0,0,0,0,0,0,0,15410,0,0
2010-11-29,12048,241,0,0,0,0,0,0,0,0,0,331,0,0,585,25,0,0,0,0,0,0,598,0,0,0,3206,0,111,0,0,0,0,0,0,0,0,0,0,0,22868,261,0
2010-11-30,0,0,0,0,0,0,0,0,0,0,0,0,0,0,92,1416,0,0,0,0,198,0,0,0,0,0,3387,0,0,0,178,0,0,0,0,0,0,0,0,0,23546,0,0
2010-12-01,214,0,0,0,0,0,0,0,0,0,0,486,0,0,898,394,0,0,0,0,0,0,0,0,0,0,194,0,3704,0,0,0,0,0,0,0,0,0,0,0,48314,0,0
2010-12-02,0,0,0,0,0,0,0,0,0,0,0,16,0,0,0,300,0,0,0,0,0,0,0,0,0,0,0,0,0,0,0,0,0,0,0,0,0,0,0,0,82916,0,0
2010-12-03,0,0,0,1056,0,0,0,0,0,0,0,5150,0,0,478,340,0,0,0,0,328,0,0,0,0,0,0,0,0,280,130,0,0,0,800,0,220,0,0,0,24198,0,0
2010-12-05,0,0,0,0,0,0,0,0,0,0,0,0,0,0,1222,2722,0,0,0,0,0,392,0,0,1244,0,0,0,0,0,0,0,0,0,0,0,0,0,0,0,27432,0,0
2010-12-06,0,0,0,0,0,0,0,0,0,0,0,1228,0,0,0,186,0,0,0,0,4,0,0,0,0,0,0,0,0,0,106,0,0,0,0,0,0,0,0,0,42664,0,0
2010-12-07,0,0,0,0,0,0,0,0,0,0,0,0,0,0,1504,310,0,0,638,0,0,0,0,0,0,0,0,0,0,0,0,0,0,0,0,0,0,0,0,0,48196,0,0
2010-12-08,428,0,0,0,0,0,0,0,0,0,0,0,0,0,242,284,0,0,0,0,0,0,0,0,60,0,0,0,3460,0,848,0,0,0,0,0,0,0,0,0,41508,0,0
2010-12-09,0,0,0,0,0,0,0,160,0,0,908,574,0,0,2044,824,0,0,0,0,0,2976,0,0,0,0,0,0,0,0,236,0,0,0,134,0,0,0,0,0,33026,0,0
2010-12-10,0,0,0,0,0,0,0,0,0,0,0,379,0,0,418,1096,0,0,0,0,0,0,0,0,0,0,0,0,0,0,131,0,0,0,0,0,0,0,0,0,19737,0,0
2010-12-12,0,0,0,0,0,0,0,0,0,0,0,0,0,0,0,0,0,0,0,0,0,2409,0,0,0,0,0,0,0,0,0,0,0,0,0,0,0,0,0,0,8232,0,0
2010-12-13,0,0,0,0,0,0,0,0,0,0,0,0,0,0,0,6,0,0,0,0,0,0,0,0,0,0,0,0,0,0,0,0,0,0,300,0,0,0,0,0,17525,0,0
2010-12-14,13,0,0,0,0,0,0,0,917,0,0,0,0,0,0,0,0,0,0,0,0,0,0,0,0,0,0,0,0,0,39,0,0,0,0,480,0,0,0,0,19464,0,0
2010-12-15,0,48,0,0,0,0,0,0,0,0,0,0,0,0,134,12,0,0,0,56,0,0,0,0,0,0,0,0,0,0,0,0,0,0,0,0,0,0,0,0,18502,0,0
2010-12-16,0,0,0,0,0,0,0,0,0,0,0,388,0,1254,9,7,0,0,0,0,0,0,0,0,0,0,0,0,0,0,0,0,0,0,0,0,0,0,0,0,28600,0,0
2010-12-17,146,51,0,285,0,0,0,0,0,0,0,701,0,0,398,1659,0,0,0,0,0,0,0,0,0,0,0,0,0,0,193,0,0,0,100,3714,0,0,0,0,10590,0,0
2010-12-19,0,0,0,0,0,0,0,0,0,0,0,155,0,0,0,337,0,0,0,0,0,0,0,0,0,0,0,0,0,0,0,0,0,0,0,0,0,0,0,0,3311,0,0
2010-12-20,0,0,54,0,0,0,0,0,0,0,0,363,0,0,733,291,0,0,0,0,0,0,0,0,0,0,46,0,0,0,0,0,0,0,0,0,604,0,0,0,13677,0,0
2010-12-21,0,0,0,188,0,0,0,0,0,0,0,344,0,0,26,0,0,0,0,0,131,0,0,0,0,0,6668,0,0,0,0,0,0,0,0,0,0,0,0,0,8447,0,0
2010-12-22,0,0,0,754,0,0,0,0,0,0,0,0,0,0,88,0,0,0,0,0,0,0,0,0,0,0,0,0,0,0,0,0,0,0,0,0,0,0,0,0,2259,0,0
2010-12-23,0,0,0,0,0,0,0,0,0,0,0,112,0,0,0,944,0,0,0,0,0,0,0,0,0,0,0,0,0,0,0,0,0,0,0,0,0,0,0,0,4768,0,0
2011-01-04,0,0,0,0,0,0,0,0,0,0,0,0,0,0,0,0,0,0,0,0,0,0,0,0,0,0,0,0,0,0,0,0,0,0,0,294,0,0,0,0,8577,0,0
2011-01-05,0,0,54,1,0,0,0,0,0,0,0,102,0,0,737,56,0,0,0,0,3,0,0,0,0,0,0,0,0,0,16,0,0,0,0,0,0,0,0,0,19074,0,0
2011-01-06,4802,0,0,5,0,0,0,0,0,0,0,0,0,0,446,4,0,0,0,0,0,45,0,0,0,0,0,0,0,0,0,0,0,0,1,0,0,0,0,0,18287,0,0
2011-01-07,0,0,0,0,0,0,0,0,0,0,0,0,0,0,596,2658,0,0,0,0,0,0,0,0,0,0,0,0,0,0,0,0,0,0,630,0,0,0,0,0,13961,0,0
2011-01-09,0,0,0,0,0,0,0,0,0,0,0,85,0,0,78,0,0,0,0,0,0,0,0,0,0,0,0,0,0,0,641,0,0,0,0,0,0,0,0,0,7419,0,0
2011-01-10,96,0,0,0,0,0,0,0,0,0,0,4,0,0,635,637,0,0,0,100,0,0,0,0,0,0,0,0,0,0,0,0,0,0,643,0,0,0,0,0,10781,0,0
2011-01-11,238,0,0,0,0,0,0,0,0,0,0,0,0,0,988,87,0,0,0,0,0,0,0,0,0,0,0,0,0,0,0,0,0,0,1483,0,0,0,0,0,25967,0,0
2011-01-12,0,0,0,590,0,0,0,0,144,0,0,0,0,0,683,98,0,0,0,0,0,0,0,0,0,0,0,0,0,0,0,0,0,0,0,0,0,0,0,0,9226,0,0
2011-01-13,0,0,0,0,0,0,0,0,0,0,0,0,0,0,0,100,0,0,0,0,748,0,0,0,0,0,0,0,0,0,0,0,0,0,0,0,0,0,0,0,9346,0,0
2011-01-14,60,0,0,0,0,0,0,0,0,0,0,6198,0,0,1072,248,0,0,0,0,0,0,0,0,0,0,8210,0,0,0,0,0,0,0,0,0,0,0,0,0,7419,0,0
2011-01-16,0,0,0,0,0,0,0,0,0,0,0,0,0,0,0,0,0,0,0,0,0,0,0,0,0,0,0,0,0,0,0,0,0,0,0,0,0,0,0,0,4227,0,0
2011-01-17,204,0,0,0,0,0,0,0,0,0,0,0,0,0,268,583,0,0,0,0,0,0,0,0,0,0,0,0,0,288,0,0,0,0,0,0,0,0,0,0,12106,0,0
2011-01-18,0,0,0,0,0,0,0,0,0,0,0,287,0,0,0,113,0,0,0,0,0,0,0,0,0,0,0,0,0,0,1216,0,0,0,294,0,0,0,0,0,155312,0,0
2011-01-19,113,0,0,3,0,0,0,0,0,0,0,0,0,0,386,37,0,0,0,0,0,0,0,0,0,0,6072,0,0,0,0,0,0,0,48,0,2653,0,0,0,8191,0,0
2011-01-20,21,0,0,94,0,0,0,0,0,0,0,1332,0,0,712,0,0,0,0,0,0,0,0,0,0,0,288,0,0,0,0,0,0,0,6,0,0,0,0,0,8113,0,0
2011-01-21,0,0,0,0,0,0,0,0,0,0,0,0,0,164,3,19,0,0,0,0,145,0,0,0,0,0,5730,0,0,0,0,0,0,0,0,0,0,0,0,0,9501,0,0
2011-01-23,0,0,0,0,0,0,0,0,0,0,0,0,0,0,126,0,0,0,0,0,0,0,0,0,0,0,0,0,0,0,0,0,0,0,0,0,0,0,0,0,5162,0,0
2011-01-24,0,0,0,0,0,0,0,0,0,0,0,47,0,0,84,1203,526,1121,0,0,0,0,0,0,0,0,0,0,0,0,0,0,0,0,104,0,0,0,0,0,9003,0,0
2011-01-25,0,0,0,108,0,0,0,0,0,0,0,0,0,601,19,1155,0,0,0,0,0,0,0,0,0,0,0,0,0,0,0,0,0,1091,0,0,0,0,0,0,13461,0,0
2011-01-26,0,0,0,0,0,0,0,0,0,0,0,690,0,0,0,692,0,0,315,0,228,0,0,0,0,0,0,0,0,0,237,0,0,0,0,0,0,0,0,0,8869,0,0
2011-01-27,0,0,0,0,0,0,0,259,0,0,0,155,0,0,9,428,0,0,0,0,22,0,0,386,0,0,0,0,0,0,0,0,0,0,644,0,0,0,0,0,9708,0,0
2011-01-28,110,0,0,0,0,0,0,0,0,0,0,0,0,0,574,61,0,0,0,0,0,0,0,0,0,0,0,0,0,0,0,0,0,0,0,2804,340,0,0,0,6629,0,0
2011-01-30,0,0,0,0,0,0,0,0,0,0,0,0,0,0,0,0,0,0,0,0,0,0,0,0,0,0,0,0,0,0,0,0,0,0,0,0,0,0,0,0,3495,0,0
2011-01-31,0,0,0,0,0,0,0,4,0,0,0,0,0,0,1827,1069,0,0,0,0,0,0,0,0,0,0,117,0,0,0,0,0,0,0,0,0,0,0,0,0,11245,0,0
2011-02-01,0,197,0,0,0,0,0,0,0,0,0,463,0,0,200,78,0,0,0,0,0,0,0,0,0,0,113,0,0,0,0,0,0,0,193,250,0,0,0,0,14487,0,0
2011-02-02,0,145,0,0,0,0,0,0,0,0,0,4,0,0,368,38,0,0,0,0,0,0,0,0,0,0,0,0,197,0,0,0,0,0,0,0,0,0,0,0,9018,0,0
2011-02-03,0,0,0,21,0,0,0,0,0,0,0,270,0,0,0,504,0,0,0,0,0,0,0,0,0,0,24,0,0,0,0,0,0,0,171,0,0,0,0,0,14793,0,0
2011-02-04,0,0,0,0,0,0,0,0,0,0,0,75,0,0,617,7,0,0,0,0,0,37,0,0,0,0,0,0,0,98,0,0,0,0,0,0,211,0,0,0,11716,0,0
2011-02-06,0,0,0,0,0,0,0,0,0,0,0,0,0,0,0,0,0,0,0,0,0,0,0,0,0,0,0,0,0,0,0,0,0,0,0,0,0,0,0,0,2048,0,0
2011-02-07,100,0,0,0,0,0,0,0,494,0,0,0,0,0,0,41,0,0,0,0,0,0,0,0,0,0,0,0,0,0,0,0,0,0,0,0,0,0,0,0,8735,0,0
2011-02-08,0,0,0,0,0,0,0,0,0,0,0,4,0,0,216,34,0,0,0,0,0,0,0,0,0,0,1129,0,0,199,0,0,0,0,0,0,0,0,0,0,8595,0,0
2011-02-09,0,0,0,11,0,0,0,0,0,0,0,0,0,0,301,160,0,0,0,0,0,2962,0,0,0,0,0,0,0,0,0,0,0,0,287,0,0,0,0,0,3444,0,0
2011-02-10,0,0,0,0,0,0,0,0,0,0,0,0,0,0,454,228,0,0,0,0,0,0,0,0,0,0,0,0,0,0,0,0,0,0,0,0,0,0,0,0,11663,0,0
2011-02-11,0,0,0,262,0,0,0,0,0,0,0,0,0,0,0,658,0,0,0,0,1,0,0,0,0,0,0,0,0,0,0,0,0,0,0,0,2,0,0,0,10135,0,0
2011-02-13,0,0,0,0,0,0,0,0,0,0,0,0,0,0,0,0,0,0,0,0,0,0,0,0,0,0,0,0,0,0,0,0,0,0,0,0,0,0,0,0,2797,0,0
2011-02-14,0,0,0,0,0,0,0,0,0,0,0,1502,0,0,15,464,0,0,0,0,0,0,0,0,0,0,0,0,0,0,0,0,0,0,219,0,0,0,0,496,10961,0,0
2011-02-15,8384,0,0,0,0,0,0,935,0,0,0,2402,0,0,99,0,0,0,0,0,0,0,0,0,0,0,0,0,0,0,0,0,0,0,0,0,0,0,0,0,10905,0,0
2011-02-16,0,0,0,0,0,0,0,0,1522,0,224,0,0,0,778,0,0,0,0,286,0,0,0,0,0,0,0,0,98,0,0,0,0,0,0,0,0,0,0,0,13414,0,0
2011-02-17,0,0,0,508,0,0,0,0,1,0,0,87,0,0,116,380,0,0,0,0,0,0,0,0,0,0,0,0,0,0,0,0,0,0,0,0,0,0,0,0,13340,0,0
2011-02-18,0,0,0,3,0,0,0,0,0,0,0,61,0,0,780,108,0,0,0,0,111,0,0,0,0,0,0,0,0,0,0,0,0,0,4,0,0,0,0,0,8185,0,0
2011-02-20,0,0,0,0,0,0,0,0,0,0,0,0,0,0,0,0,0,0,0,0,0,0,0,0,0,0,0,0,0,0,0,0,0,0,0,0,0,0,0,0,5360,0,0
2011-02-21,0,0,0,194,0,0,0,0,175,0,0,472,0,0,334,793,0,0,0,0,0,0,0,0,0,0,12208,0,0,0,454,0,0,0,0,0,0,0,0,0,7045,0,0
2011-02-22,0,0,0,0,0,0,0,0,0,0,0,0,0,0,10,0,0,0,0,0,0,0,0,0,0,0,2940,0,0,0,0,0,0,0,0,0,0,0,0,0,19006,0,0
2011-02-23,0,0,0,0,0,0,0,0,0,0,0,668,0,0,362,201,0,0,0,0,0,0,0,0,0,0,0,0,0,0,0,0,0,0,0,0,0,0,0,0,12567,0,0
2011-02-24,0,0,0,2,0,0,0,0,0,0,0,0,0,141,0,0,0,0,0,0,0,0,0,0,0,0,0,0,0,0,0,0,80,0,0,0,560,0,0,0,11164,0,0
2011-02-25,0,0,0,91,0,0,0,0,0,0,0,672,0,0,0,713,0,0,0,0,0,0,0,0,0,0,0,0,0,0,0,0,0,0,0,0,66,0,0,0,9716,0,0
2011-02-27,217,0,0,0,0,0,0,0,0,0,0,0,0,0,71,0,0,0,0,0,0,0,0,0,0,0,0,0,0,0,0,0,0,0,0,0,0,0,0,0,4594,0,0
2011-02-28,0,0,0,15,0,0,0,0,0,346,0,0,0,0,658,0,0,0,0,0,0,0,0,0,0,0,0,0,0,0,104,0,0,0,0,0,270,0,0,0,8514,0,0
2011-03-01,0,0,0,171,0,0,0,0,0,0,0,669,0,2127,580,384,0,0,0,0,0,0,0,0,0,0,0,0,32,0,0,0,0,0,0,0,0,0,0,0,8192,0,0
2011-03-02,0,0,0,0,0,0,0,459,0,0,0,0,0,0,0,0,0,0,0,0,0,23,0,0,0,0,0,0,0,0,0,0,0,0,0,0,0,0,0,0,8219,0,0
2011-03-03,10382,53,0,126,0,0,0,0,0,0,0,12,0,0,342,536,0,0,0,0,0,0,0,0,0,0,0,0,0,0,0,0,5,0,0,0,0,0,0,0,9572,0,0
2011-03-04,0,0,0,0,0,0,0,0,0,0,0,857,0,0,125,0,289,0,0,0,84,3,0,0,0,0,0,0,0,0,0,0,0,0,397,0,0,0,0,0,11825,0,0
2011-03-06,0,0,0,0,0,0,0,0,0,0,0,0,0,0,0,0,0,0,0,0,0,0,0,0,0,0,0,0,0,0,0,0,0,0,0,0,0,0,0,0,5109,0,0
2011-03-07,0,0,0,0,0,0,0,0,0,0,0,0,0,0,24,358,0,0,0,0,0,15,0,0,0,0,0,0,0,0,0,0,0,0,5,0,0,0,0,0,13823,0,0
2011-03-08,0,0,0,0,0,0,0,0,0,0,0,0,0,0,15,437,0,0,0,0,0,0,0,0,0,0,0,0,0,0,1109,0,0,0,0,0,0,0,0,0,13035,0,0
2011-03-09,90,0,0,0,0,0,0,944,0,0,0,0,0,0,0,0,0,0,0,0,0,0,0,0,0,0,277,0,0,0,0,0,0,0,0,0,314,0,0,0,10323,0,0
2011-03-10,0,0,0,7,0,0,0,701,1005,0,0,3416,0,0,0,0,0,0,0,0,0,0,0,0,0,0,0,0,0,0,0,0,0,0,0,288,0,0,0,0,10656,0,0
2011-03-11,0,0,0,0,0,0,0,0,0,0,0,4,0,0,325,625,0,0,0,0,0,0,0,0,0,0,0,0,0,0,0,0,0,0,0,0,0,0,0,0,9603,0,0
2011-03-13,0,0,0,0,0,0,0,0,0,0,0,0,0,0,185,0,0,0,0,0,0,0,0,0,0,0,0,0,0,0,0,0,0,0,0,0,0,0,0,0,2572,0,0
2011-03-14,0,0,0,91,0,0,88,0,0,0,0,936,0,0,187,7,0,0,0,0,2,0,0,0,0,0,152,0,0,0,0,0,0,0,0,5156,0,0,0,0,10184,0,0
2011-03-15,0,0,0,0,0,0,0,0,0,0,0,1174,0,0,329,0,0,2,0,0,0,0,0,0,0,0,0,0,0,162,0,0,0,0,0,0,0,0,0,0,7353,0,0
2011-03-16,0,0,0,0,0,0,0,0,0,0,0,0,0,0,160,50,0,0,0,0,0,0,0,0,0,0,0,0,0,0,0,0,0,0,405,0,0,0,0,0,12691,0,0
2011-03-17,0,0,0,0,0,0,0,0,0,0,879,418,0,0,0,772,0,0,0,0,440,0,0,0,0,0,0,0,63,0,0,0,0,0,0,0,0,0,0,0,18843,0,0
2011-03-18,0,0,0,0,0,0,0,0,0,0,0,265,0,0,0,1252,0,0,0,0,0,0,0,0,0,0,0,0,0,0,0,0,0,0,0,0,0,0,0,0,12761,0,0
2011-03-20,0,0,0,215,0,0,0,0,0,0,0,73,0,63,423,114,0,0,0,0,0,0,0,0,0,0,0,0,0,0,0,0,0,0,0,0,0,0,0,0,13337,0,0
2011-03-21,0,0,0,139,0,0,0,0,0,0,0,0,0,2,90,0,0,0,0,0,0,0,0,0,0,0,0,0,0,9,0,0,0,0,0,0,0,0,0,0,10181,0,0
2011-03-22,0,0,0,0,0,0,0,0,0,0,0,0,0,0,201,976,0,0,0,0,0,0,0,0,0,0,170,0,127,0,0,0,0,0,335,0,0,0,0,0,14838,0,0
2011-03-23,0,929,0,685,0,0,0,0,0,0,0,0,0,0,1233,0,0,0,0,0,0,0,0,0,0,0,0,0,0,0,125,0,0,0,0,0,0,0,0,0,11437,0,0
2011-03-24,77,0,0,356,0,0,0,0,0,0,0,114,0,0,0,13,0,0,0,0,0,0,0,0,0,0,0,0,0,0,1,0,0,0,512,107,0,0,0,0,17133,0,0
2011-03-25,0,0,0,0,0,0,0,0,0,0,0,533,0,0,264,1136,0,0,0,0,0,0,0,0,0,0,835,0,0,0,0,0,0,0,346,0,227,0,0,0,11631,0,0
2011-03-27,0,0,0,0,0,0,0,0,0,0,0,3,0,0,61,3,0,0,0,0,0,0,0,0,0,0,0,0,0,0,0,0,0,0,0,0,0,0,0,0,4585,0,0
2011-03-28,0,0,0,0,0,0,0,0,0,0,0,745,0,0,848,852,0,0,0,0,165,0,0,0,0,0,0,0,0,0,217,0,0,0,550,0,0,0,0,0,9211,0,0
2011-03-29,0,0,0,0,0,0,0,0,0,0,0,334,0,0,0,0,0,0,0,0,0,0,0,0,0,0,12186,0,0,0,0,0,0,0,0,0,0,0,0,0,20342,0,0
2011-03-30,0,0,0,0,0,0,0,0,0,0,0,0,0,346,0,195,0,0,0,0,0,0,0,0,0,0,1208,0,0,0,0,0,0,0,0,0,445,0,0,0,18614,0,0
2011-03-31,0,0,0,0,0,0,0,0,0,0,0,45,0,0,3349,93,0,0,0,0,0,0,0,0,0,0,0,0,0,0,174,0,0,0,0,0,0,0,0,0,13812,0,0
2011-04-01,1,0,0,0,0,0,0,0,0,39,0,713,0,0,329,115,0,0,0,30,0,0,0,0,0,0,0,0,0,0,0,0,0,0,0,0,0,0,0,0,17965,0,0
2011-04-03,0,0,0,0,0,0,0,0,0,0,0,0,0,0,0,0,0,0,0,0,0,0,0,0,0,0,0,0,0,0,0,0,0,0,0,0,0,0,0,0,5698,0,0
2011-04-04,8,0,0,0,0,0,0,0,0,0,0,1239,0,0,298,390,0,0,0,0,0,624,0,0,0,0,0,0,0,0,0,0,0,10,0,0,0,0,0,0,12280,0,0
2011-04-05,0,0,0,0,0,0,0,0,0,0,0,0,0,269,2,31,0,0,0,0,0,1626,0,0,0,0,1336,0,0,432,0,0,0,1384,0,0,0,0,0,0,11247,0,0
2011-04-06,0,0,0,0,0,0,0,0,0,0,0,655,0,0,0,14,0,0,0,0,0,0,0,0,0,0,0,0,0,0,0,0,0,0,0,0,0,0,0,0,8527,0,0
2011-04-07,0,0,0,253,0,0,0,0,0,0,0,390,0,30,239,238,0,0,483,0,445,0,0,0,0,0,0,0,0,0,0,0,0,0,0,0,0,0,0,0,8586,0,0
2011-04-08,224,0,0,3,0,0,0,0,0,0,0,0,0,0,0,848,262,0,0,0,0,0,0,0,0,0,0,0,0,0,370,0,0,0,0,0,0,0,0,0,11342,0,0
2011-04-10,0,0,0,190,0,0,0,0,0,0,0,0,0,0,0,0,0,0,0,0,0,0,0,0,0,0,0,0,0,0,0,0,0,0,0,0,0,0,0,0,5548,0,0
2011-04-11,0,0,0,0,0,0,0,0,0,0,0,590,0,237,3,464,0,0,0,0,0,0,0,0,0,0,0,0,0,0,0,0,0,0,156,0,3,0,0,0,12022,282,0
2011-04-12,0,0,0,191,0,0,0,0,0,0,0,0,0,0,0,0,0,732,0,0,0,0,0,0,0,0,0,0,0,0,0,0,0,0,0,0,0,0,0,0,14575,0,0
2011-04-13,0,0,0,0,0,0,0,97,4,0,0,0,0,0,0,0,0,0,0,0,0,0,0,0,0,0,0,0,0,0,581,0,0,0,0,0,0,0,0,0,18613,0,0
2011-04-14,0,0,0,0,0,0,0,0,0,0,0,0,0,0,290,1209,0,0,0,0,0,0,0,0,0,0,0,0,0,0,0,0,0,0,0,0,196,0,0,0,17566,0,0
2011-04-15,0,0,0,77,0,356,0,0,0,0,0,0,0,159,0,0,0,0,0,0,0,0,0,0,0,0,0,0,0,0,0,0,0,0,0,201,101,0,0,0,11838,0,0
2011-04-17,0,0,0,0,0,0,0,0,0,0,0,151,0,0,402,0,0,0,0,0,0,0,0,0,0,0,0,0,0,0,0,0,0,0,0,0,0,0,0,0,7632,0,0
2011-04-18,0,0,0,204,0,0,0,0,0,0,0,0,0,0,61,2,0,0,0,0,0,6432,0,0,0,0,0,0,0,0,0,0,0,0,0,0,0,0,0,0,32393,0,0
2011-04-19,0,0,0,0,0,0,0,0,0,0,0,234,0,0,0,1509,0,0,0,0,208,0,0,0,0,0,0,0,0,0,0,0,0,0,0,0,0,0,137,0,12493,0,0
2011-04-20,0,0,0,0,0,0,0,0,0,0,0,0,0,0,200,232,0,0,0,0,0,0,0,0,0,0,0,0,0,0,0,0,0,0,0,0,206,0,0,0,17898,0,0
2011-04-21,0,0,0,0,0,0,0,0,0,0,0,0,0,153,301,215,0,0,0,0,0,0,0,0,0,0,0,0,0,0,0,0,0,0,530,0,489,0,0,0,16556,0,0
2011-04-26,0,311,0,0,0,0,0,0,0,0,0,0,34,0,84,16,0,0,0,0,0,33,0,0,0,0,0,0,0,0,0,0,0,0,0,0,0,0,0,0,15971,0,0
2011-04-27,0,0,0,0,0,0,0,0,0,0,0,163,0,0,2,468,0,0,0,0,0,0,0,0,0,0,0,0,0,0,0,0,0,0,0,109,0,0,0,0,17569,0,0
2011-04-28,100,0,0,275,0,0,0,0,0,0,0,0,0,0,147,85,0,0,0,0,0,0,0,0,0,0,432,0,0,0,0,0,0,0,267,0,0,0,0,0,12500,0,0
2011-05-01,0,0,0,0,0,0,0,0,0,0,0,0,0,0,0,647,0,0,0,0,0,0,0,0,0,0,0,0,0,0,0,0,0,0,0,0,0,0,0,0,3177,0,0
2011-05-03,0,0,0,0,0,0,0,0,0,0,0,532,0,0,1046,8,0,0,0,0,0,0,0,0,0,0,0,0,0,0,0,0,0,0,0,2,4,0,0,0,11039,0,0
2011-05-04,0,0,0,0,0,0,504,0,0,0,0,0,0,0,0,506,0,0,0,0,0,0,0,0,0,0,0,0,0,0,0,0,0,0,747,2,0,0,0,0,15664,0,0
2011-05-05,0,0,0,72,0,0,0,0,0,0,0,194,0,0,100,69,0,0,0,0,0,0,0,0,0,0,0,0,0,116,0,0,0,0,0,0,1771,0,0,0,15309,0,0
2011-05-06,0,42,0,182,0,0,0,0,0,0,0,1694,0,0,0,226,0,0,0,0,0,0,0,0,0,0,0,0,0,0,0,0,0,0,88,0,0,0,0,0,17839,0,0
2011-05-08,0,0,0,0,0,0,0,0,0,0,0,446,0,0,781,0,0,0,0,0,0,0,0,0,0,0,0,0,0,0,0,0,0,0,0,0,0,0,0,0,9485,0,0
2011-05-09,0,0,240,0,0,0,0,0,0,0,0,0,0,0,499,388,0,0,0,0,0,0,0,0,0,0,0,0,0,0,0,0,0,0,0,0,114,0,0,0,12134,0,0
2011-05-10,0,0,0,494,0,0,0,0,0,0,0,349,0,0,460,313,0,0,0,0,0,0,0,0,0,0,0,0,0,0,0,0,0,0,0,0,0,0,0,0,19567,654,0
2011-05-11,0,0,0,0,0,0,0,0,0,0,368,0,0,0,1593,211,0,0,0,0,0,0,0,0,0,0,279,0,0,0,0,0,0,0,0,2,0,0,0,0,16610,0,0
2011-05-12,184,0,0,83,0,0,0,0,0,0,0,0,0,0,106,5825,0,0,0,0,0,0,0,0,0,0,13262,0,0,0,313,0,0,0,0,2794,0,0,0,0,16737,0,0
2011-05-13,0,0,0,0,0,0,0,0,0,0,0,0,0,0,505,324,0,1262,0,0,0,743,0,0,0,0,0,0,0,0,0,0,0,0,0,0,0,0,0,0,12416,0,0
2011-05-15,0,0,0,0,0,0,0,0,0,0,0,139,0,0,141,0,0,0,0,0,0,0,0,0,0,0,0,0,0,0,0,0,0,0,0,0,0,0,0,0,4618,0,0
2011-05-16,0,0,0,0,0,0,0,0,0,0,0,2274,0,0,283,0,0,0,0,0,0,0,0,0,0,0,0,0,0,0,0,0,0,0,0,0,0,0,0,0,13483,0,0
2011-05-17,8268,0,0,168,0,0,0,2,0,0,0,444,0,0,479,531,0,0,0,0,0,0,0,0,0,0,0,0,0,0,0,0,0,0,0,0,0,0,0,0,17076,0,0
2011-05-18,0,0,0,0,0,0,0,0,0,0,0,636,0,0,334,0,0,0,0,0,0,0,0,0,0,0,412,0,0,0,0,0,0,0,0,37,0,0,0,0,17660,0,0
2011-05-19,0,0,20,0,0,0,0,223,0,0,0,397,0,0,562,1272,0,0,0,0,0,0,0,0,0,0,0,0,0,0,0,0,0,0,0,0,0,0,0,0,16016,149,0
2011-05-20,316,0,0,0,0,0,0,0,0,0,0,226,0,0,476,2,0,0,0,0,0,0,0,0,0,0,128,0,0,0,0,0,0,0,0,0,0,0,0,0,14338,0,0
2011-05-22,0,0,0,0,0,0,0,0,0,0,0,0,0,0,298,968,0,0,0,0,0,0,0,0,0,0,0,0,0,0,0,0,0,0,0,0,0,0,0,0,11496,0,0
2011-05-23,231,434,0,179,0,0,0,0,0,0,0,401,0,0,306,466,0,0,0,0,0,0,0,0,0,0,0,0,0,0,7,0,0,0,0,0,0,0,0,0,16409,0,0
2011-05-24,0,0,0,4,0,0,0,0,0,0,0,5,0,0,210,121,0,0,0,0,0,0,0,0,0,0,0,0,0,0,0,0,0,0,0,0,0,0,0,0,15774,0,0
2011-05-25,0,0,0,0,0,0,0,2,0,0,0,0,0,0,742,0,0,0,0,0,0,0,0,0,0,0,960,0,0,500,0,0,0,0,0,0,0,0,0,0,10994,0,0
2011-05-26,0,0,0,0,0,0,0,0,0,0,0,317,0,0,514,533,0,0,0,0,0,0,0,0,0,0,4664,0,0,0,0,0,0,0,25,0,0,0,0,0,10368,0,0
2011-05-27,0,0,0,651,0,0,0,0,0,0,0,0,0,0,157,342,0,0,0,0,0,0,0,0,0,0,0,0,0,0,0,0,0,0,0,0,0,0,0,0,15153,0,0
2011-05-29,0,0,0,0,0,0,0,0,0,0,0,0,0,0,0,258,0,0,0,0,0,0,0,0,0,0,0,0,0,0,0,0,0,0,0,0,0,0,0,0,3906,0,0
2011-05-31,6,0,0,0,0,0,0,0,0,0,0,0,0,0,204,33,0,0,0,0,267,0,0,0,0,0,231,0,0,0,0,0,0,0,608,0,364,0,0,0,10267,0,0
2011-06-01,0,0,0,57,0,0,0,0,0,0,0,1,0,0,0,567,0,0,0,0,0,0,0,0,0,0,2874,0,0,7,0,0,0,0,0,0,0,0,0,0,7594,0,0
2011-06-02,8,0,0,0,0,0,0,0,0,0,0,0,0,0,0,1079,0,0,0,0,0,0,0,0,0,0,0,0,0,0,0,0,0,0,0,54,0,0,0,0,13601,0,0
2011-06-03,0,0,0,0,0,0,0,0,356,0,0,0,0,0,0,23,0,0,0,0,0,0,0,0,0,0,329,0,0,8,0,0,0,0,107,0,0,0,0,0,6927,0,0
2011-06-05,0,0,0,524,0,0,0,0,0,0,0,0,127,0,1909,529,0,0,0,0,0,0,0,0,0,0,0,0,0,0,0,0,0,0,0,0,0,0,0,0,10443,0,0
2011-06-06,0,0,0,0,0,0,0,0,0,0,0,404,3,0,115,308,0,0,0,0,0,0,0,0,0,0,314,0,0,0,0,0,0,0,173,0,0,0,0,0,8440,0,0
2011-06-07,0,0,0,293,0,0,0,0,0,0,0,192,0,0,0,71,0,0,0,0,31,0,0,0,0,0,0,0,0,0,146,0,0,0,0,0,0,0,0,0,18142,0,0
2011-06-08,0,0,0,20,0,0,0,0,0,0,0,2582,0,0,1560,0,0,0,0,0,0,0,0,0,0,378,0,0,0,0,55,0,0,0,0,0,245,0,0,0,16670,0,0
2011-06-09,0,0,0,145,0,0,0,0,0,0,793,507,0,0,787,117,0,0,196,0,24,0,0,0,0,0,97,0,0,0,0,0,0,0,445,188,0,0,0,0,25067,0,0
2011-06-10,0,0,0,0,0,0,0,0,0,0,0,0,2,0,164,92,0,0,0,0,0,0,0,0,0,0,0,0,0,0,0,0,0,0,0,0,3142,0,0,0,7603,0,0
2011-06-12,0,0,0,0,0,0,0,0,0,0,0,0,0,0,716,345,0,0,0,0,0,0,0,0,0,0,0,0,0,0,0,0,0,0,0,0,0,0,0,0,8439,0,0
2011-06-13,0,0,0,0,0,0,0,0,0,0,0,427,0,0,904,1309,0,0,0,0,0,0,0,0,0,0,0,0,0,0,0,0,0,0,0,0,5,0,0,0,10572,0,0
2011-06-14,0,6,0,0,0,0,0,0,0,0,0,0,0,0,0,0,0,0,0,0,0,0,0,0,0,0,0,0,0,0,0,0,0,0,0,0,0,0,0,0,14736,0,0
2011-06-15,15241,0,0,0,0,0,0,0,0,0,0,3026,0,0,1007,0,0,0,0,0,0,0,0,0,0,0,0,0,0,0,220,0,0,0,0,0,0,0,0,0,11497,0,0
2011-06-16,0,0,0,0,0,0,0,0,0,0,0,268,0,0,270,473,0,0,0,0,0,0,0,0,0,3,0,0,0,77,0,0,0,0,424,0,0,0,0,0,18823,0,0
2011-06-17,0,0,0,598,0,0,0,836,0,0,0,356,0,0,538,0,0,0,0,0,0,0,0,0,0,0,0,0,0,0,0,0,0,0,0,0,0,0,0,0,9515,0,0
2011-06-19,0,0,0,0,0,0,0,0,0,0,0,84,0,0,63,0,0,0,0,0,0,0,0,0,0,0,4718,0,0,0,0,0,0,0,341,0,0,0,0,0,9896,0,0
2011-06-20,0,0,0,0,0,0,1092,0,0,0,393,4,0,0,262,1377,0,0,0,0,0,0,0,0,0,0,61,0,1426,0,0,0,0,0,0,0,0,0,0,0,12802,78,0
2011-06-21,0,0,0,0,0,0,0,0,0,0,0,614,0,0,351,272,0,0,0,0,0,0,0,0,0,0,353,0,582,0,0,0,0,0,0,0,0,0,0,0,12692,0,0
2011-06-22,0,0,0,211,0,0,0,0,0,0,0,590,0,0,658,0,0,537,0,0,0,2256,0,0,0,24,0,0,1,0,0,0,0,0,0,0,0,0,0,0,11572,0,0
2011-06-23,0,0,0,294,0,0,0,0,0,0,358,190,0,157,0,145,0,0,0,0,0,0,0,0,0,0,0,0,0,0,0,0,0,0,0,162,0,0,0,0,13861,0,0
2011-06-24,0,0,0,0,0,0,0,0,0,0,0,878,0,0,413,73,0,0,0,0,0,0,0,0,0,0,0,0,0,0,1,0,0,0,0,0,175,0,0,0,8459,0,0
2011-06-26,0,0,0,0,0,0,0,0,0,0,0,0,0,0,0,15,0,0,0,0,0,0,0,0,0,0,0,0,0,0,0,0,0,0,49,0,408,0,0,0,3605,0,0
2011-06-27,0,0,0,0,0,0,0,0,0,0,0,393,0,0,119,0,0,0,0,0,0,0,0,0,0,0,0,0,0,0,0,0,0,0,0,0,0,0,0,0,9458,0,0
2011-06-28,0,0,0,0,0,0,0,0,0,0,0,0,0,0,109,0,0,0,0,0,0,0,0,0,0,0,11010,0,0,0,0,0,0,0,0,0,0,0,0,0,10871,0,0
2011-06-29,0,0,0,1,0,0,0,0,0,0,0,2566,0,0,0,0,0,0,0,0,4,0,0,0,0,0,0,0,0,0,0,0,0,0,0,0,0,0,0,0,9642,0,0
2011-06-30,740,0,0,103,0,0,0,0,0,0,0,394,0,0,24,797,0,0,0,0,0,0,0,0,0,0,0,0,0,0,0,0,0,0,0,0,0,0,0,0,20525,0,0
2011-07-01,0,0,0,0,0,0,0,0,0,0,0,798,0,0,364,68,0,0,0,0,0,0,0,0,0,0,0,0,0,0,0,0,0,0,0,0,152,0,0,0,6719,0,0
2011-07-03,0,0,0,0,0,0,0,0,0,0,0,0,0,0,0,0,0,0,0,0,0,0,0,0,0,0,0,0,0,0,0,0,0,0,0,0,0,0,0,0,3128,0,0
2011-07-04,0,0,0,0,0,0,0,0,0,0,0,537,0,0,259,866,0,0,0,0,0,0,0,0,0,0,0,0,0,0,0,0,0,0,1506,0,0,0,0,0,12574,0,0
2011-07-05,0,0,0,0,0,0,0,0,0,0,0,21,0,228,323,0,0,0,0,0,0,0,0,0,0,0,0,0,0,0,0,0,0,0,0,0,0,0,0,0,21958,0,0
2011-07-06,0,0,0,522,0,0,0,0,0,0,0,0,0,0,597,0,0,0,0,0,0,0,0,0,0,0,0,0,0,0,0,0,0,0,167,3242,0,0,0,0,14696,0,0
2011-07-07,0,0,0,145,0,0,0,0,0,0,0,0,0,0,0,628,0,0,0,0,0,0,0,0,0,0,0,0,0,0,0,0,0,0,238,0,0,0,0,0,18943,0,0
2011-07-08,0,0,0,0,0,0,0,0,0,0,0,1,0,0,662,559,0,0,0,0,0,0,0,0,0,0,0,0,0,0,0,0,0,0,0,0,282,0,0,0,10823,463,0
2011-07-10,0,0,0,0,0,0,0,0,0,0,0,0,0,0,0,0,0,0,0,0,0,0,0,0,0,0,0,0,0,0,0,0,0,0,0,0,0,0,0,0,4296,0,0
2011-07-11,0,0,0,0,0,0,1026,0,0,0,0,0,0,0,290,0,245,0,0,0,0,0,0,0,0,0,0,0,0,0,0,0,0,0,166,0,0,0,0,0,13487,0,0
2011-07-12,0,100,0,0,0,0,0,0,0,0,0,0,0,0,616,569,0,0,0,0,0,0,0,0,0,0,0,0,0,0,0,0,0,0,0,0,0,0,0,0,12828,0,0
2011-07-13,4332,0,0,13,0,0,0,0,0,0,0,0,0,0,667,94,0,0,0,0,0,0,0,0,0,0,0,0,0,148,979,0,0,0,0,0,0,0,0,0,10161,0,0
2011-07-14,429,0,0,0,0,0,0,0,0,0,0,868,0,857,0,1084,0,0,0,633,0,0,0,0,0,0,0,0,0,0,0,0,0,0,0,0,0,0,0,0,14021,271,0
2011-07-15,0,0,0,0,0,0,1,0,0,0,0,0,0,0,0,416,0,0,0,0,0,0,0,0,0,0,0,0,0,140,0,0,0,0,0,0,120,0,0,0,6905,0,0
2011-07-17,0,0,0,0,0,0,0,0,0,0,0,0,0,0,47,107,0,0,0,0,0,0,0,0,0,0,0,0,0,0,0,0,0,0,0,0,213,0,0,0,10679,0,0
2011-07-18,0,0,0,0,0,0,0,0,0,0,0,1353,0,0,921,0,0,0,0,0,0,0,0,0,0,0,0,0,0,0,0,0,0,2160,0,0,0,0,0,0,11310,0,0
2011-07-19,368,0,0,0,0,0,0,0,0,0,0,7244,0,188,33,1426,0,0,0,0,0,0,0,0,0,0,0,0,0,0,0,0,0,0,0,0,0,0,0,0,20139,0,0
2011-07-20,0,0,0,0,0,0,0,0,0,0,0,0,0,0,0,463,0,0,0,0,0,0,0,0,0,0,10,0,0,0,457,0,0,0,59,0,0,0,0,0,17524,0,0
2011-07-21,0,0,0,0,0,0,0,0,0,0,0,645,335,0,3,826,0,0,0,0,0,0,0,0,0,0,0,0,0,0,0,0,0,0,0,0,0,0,0,0,18486,0,0
2011-07-22,0,0,0,0,0,0,0,0,0,0,0,0,0,0,0,426,0,0,0,0,0,0,0,0,0,0,0,0,586,0,0,0,0,0,0,0,0,0,0,0,9301,0,0
2011-07-24,214,0,0,0,0,0,0,0,0,0,0,0,0,0,236,472,0,0,0,0,0,120,0,0,0,0,0,0,0,0,0,0,0,0,0,0,0,0,0,0,17027,0,0
2011-07-25,0,0,0,0,0,0,0,0,0,0,241,0,0,0,0,742,0,0,0,0,0,0,0,0,0,0,0,0,0,3,0,0,0,0,649,0,414,0,0,0,14104,0,0
2011-07-26,108,0,0,0,0,0,0,0,0,0,0,258,0,0,0,45,0,0,0,0,22,0,0,0,0,0,0,0,0,0,0,0,0,0,0,0,142,0,0,0,13336,0,0
2011-07-27,0,0,0,704,0,0,0,0,0,0,0,657,0,0,148,227,0,0,0,0,0,2208,0,0,0,0,0,0,0,0,0,0,0,0,0,0,0,0,0,0,10044,0,0
2011-07-28,0,473,0,296,0,0,0,0,0,0,0,2799,0,0,3,177,0,0,0,0,0,0,0,0,0,0,0,0,0,0,0,0,0,0,664,0,0,0,0,0,25765,319,0
2011-07-29,0,0,0,0,0,0,0,0,0,0,0,286,0,0,503,6,0,0,0,0,0,0,0,0,0,0,0,0,0,0,0,0,0,0,0,0,0,0,0,0,10952,0,0
2011-07-31,0,0,0,0,0,0,0,0,0,0,0,6656,0,0,0,0,0,0,0,0,0,0,0,0,0,0,0,0,0,0,0,0,0,0,0,2764,628,0,0,0,10835,0,0
2011-08-01,0,0,0,0,0,0,0,172,0,0,0,0,0,0,0,651,0,0,0,0,0,0,0,0,0,0,0,0,0,0,0,0,0,0,0,0,0,0,0,0,10930,0,0
2011-08-02,0,0,0,267,0,0,0,0,0,0,0,0,0,0,52,726,0,0,277,0,0,0,0,0,0,0,0,0,0,0,0,0,0,0,0,0,2545,0,0,0,11951,0,0
2011-08-03,0,0,0,0,0,0,0,0,0,0,0,0,0,0,699,187,0,0,0,0,0,0,0,0,0,0,0,0,0,137,12,0,0,0,0,0,4,0,0,0,16254,0,0
2011-08-04,0,0,0,190,0,0,0,0,0,0,0,4540,0,145,281,600,0,0,0,0,7,0,0,0,0,0,0,0,0,0,0,0,0,0,185,960,0,0,0,0,36558,0,0
2011-08-05,0,0,0,0,0,0,0,0,0,0,0,744,0,0,486,557,0,0,0,0,457,0,0,0,0,0,0,0,0,0,0,0,0,0,0,0,0,0,0,0,10616,0,0
2011-08-07,0,0,0,0,0,0,0,0,0,0,0,0,0,0,0,60,0,0,0,0,0,0,0,0,0,0,0,0,0,0,0,0,0,0,0,0,0,0,0,0,5232,0,0
2011-08-08,0,550,0,0,0,0,0,0,0,0,0,605,0,0,0,273,0,0,0,0,0,0,0,0,0,0,0,0,0,0,0,0,0,0,0,85,0,0,0,0,12113,0,0
2011-08-09,0,0,0,0,0,0,0,0,0,0,9,0,0,0,0,35,0,0,0,0,0,0,0,0,0,0,8182,0,0,0,0,0,0,0,0,0,0,0,0,0,8236,0,0
2011-08-10,0,0,0,0,0,0,0,0,0,0,338,392,0,0,197,0,0,0,0,0,521,0,0,0,0,0,0,0,68,0,0,0,0,0,0,0,62,0,0,0,12916,0,0
2011-08-11,0,0,0,340,0,0,0,0,0,0,0,1187,0,385,0,1,0,0,0,0,13,0,0,0,0,0,14730,0,0,0,0,0,0,0,0,0,0,0,0,0,22706,0,0
2011-08-12,374,0,0,175,0,0,0,0,0,0,0,1045,0,0,190,15,0,0,0,0,0,0,0,0,0,0,992,0,568,0,0,0,0,0,0,0,0,0,0,0,8644,0,0
2011-08-14,0,0,0,0,0,0,0,0,0,0,0,1,0,0,3,0,0,0,0,0,0,0,0,0,0,0,0,0,0,0,0,0,0,0,0,0,1,0,0,0,3220,0,0
2011-08-15,0,0,0,0,0,0,0,0,0,0,0,580,0,0,607,462,0,0,0,0,0,0,0,0,0,303,0,0,0,0,1026,0,0,0,0,0,0,0,0,0,7227,0,0
2011-08-16,0,0,0,0,0,0,0,0,0,0,0,15,0,0,0,22,0,0,0,0,0,0,0,0,0,0,0,0,0,0,0,0,0,0,82,72,0,0,0,0,11031,0,0
2011-08-17,0,0,0,0,0,0,0,0,0,0,0,843,0,0,400,372,0,0,0,0,0,0,0,0,0,0,0,0,0,0,0,0,0,0,158,6,0,0,0,0,26072,0,0
2011-08-18,12196,0,0,0,0,0,0,1,0,0,0,81,0,0,463,0,0,0,0,3028,0,0,0,0,0,0,1,0,0,0,0,0,0,0,0,0,0,0,0,0,18542,0,0
2011-08-19,0,240,0,598,0,0,0,0,0,0,0,644,0,0,462,329,0,0,0,0,0,0,0,0,0,0,0,0,0,0,0,0,0,0,0,0,407,0,0,0,8055,0,0
2011-08-21,0,0,0,0,0,0,0,800,0,0,0,148,0,0,270,187,0,0,0,0,0,0,0,0,0,0,0,0,0,0,0,0,0,0,5,0,0,0,0,0,6764,0,0
2011-08-22,0,0,0,0,0,0,0,0,0,0,0,0,0,0,0,1063,0,0,0,0,0,0,0,0,0,79,0,0,0,0,0,0,0,0,0,0,0,0,0,0,14398,185,0
2011-08-23,0,0,0,0,0,0,0,1037,0,0,0,736,0,1,460,381,0,736,0,0,0,27,0,0,0,0,288,0,0,0,0,0,0,0,0,0,17,0,0,0,11567,0,0
2011-08-24,0,0,0,0,0,0,0,0,0,0,0,0,0,0,246,1334,0,0,0,0,0,0,0,0,0,0,0,0,0,0,0,0,0,0,317,0,0,0,0,0,27838,0,0
2011-08-25,0,0,0,358,0,0,52,0,0,0,0,0,0,0,1314,399,0,0,0,0,168,0,0,0,0,0,0,0,0,0,0,0,0,0,0,197,0,0,0,0,11155,0,0
2011-08-26,0,0,0,0,0,0,0,0,0,0,0,849,0,163,694,260,0,0,0,0,0,0,0,0,0,0,5108,0,0,0,0,0,0,0,0,0,0,0,0,0,10095,0,0
2011-08-28,0,0,0,0,0,0,0,0,0,0,0,0,0,0,0,0,0,0,0,0,0,0,0,0,0,0,0,0,0,0,0,0,0,0,800,0,0,0,0,0,5978,0,0
2011-08-30,0,0,0,0,0,0,0,0,0,0,0,87,0,0,0,133,0,0,0,0,0,0,0,0,0,5,0,0,0,49,0,0,0,0,0,0,0,0,0,0,10092,0,0
2011-08-31,0,0,0,149,0,0,0,0,0,0,0,0,0,0,1144,1675,0,0,0,0,0,0,0,0,0,0,768,0,25,0,0,0,0,0,55,0,0,0,0,0,13481,0,0
2011-09-01,2836,0,0,0,0,0,0,0,0,0,0,2184,0,0,0,14,0,0,0,0,0,0,0,0,0,0,0,0,211,0,0,0,0,0,0,0,0,0,0,485,22156,0,0
2011-09-02,0,0,0,322,0,0,0,0,0,0,0,163,0,87,427,328,0,0,0,0,0,0,0,0,0,0,0,0,0,0,227,0,0,0,0,163,0,0,0,0,16634,258,0
2011-09-04,0,0,0,0,0,0,0,0,0,0,0,1272,0,0,509,1608,0,0,0,0,0,0,0,0,0,0,0,0,0,0,0,0,0,0,0,0,0,0,0,0,7596,0,0
2011-09-05,82,0,0,0,0,0,0,0,0,0,0,5591,0,0,389,5,0,0,0,0,0,0,0,0,0,0,0,0,0,253,0,0,0,0,234,0,0,0,0,0,16508,0,0
2011-09-06,0,0,0,0,0,0,0,0,0,0,0,1285,0,0,0,676,0,0,0,0,0,0,0,0,0,0,0,0,0,0,0,0,0,0,0,0,5,0,0,0,13255,0,0
2011-09-07,0,0,0,0,0,0,0,0,0,0,0,1877,0,0,1637,0,0,0,0,0,0,0,0,0,0,0,0,0,0,0,0,0,0,0,0,0,0,0,0,0,13057,0,0
2011-09-08,0,0,0,0,0,0,0,0,0,0,0,950,0,0,860,667,0,0,0,0,0,0,0,0,0,0,1013,0,0,0,0,0,0,0,243,0,0,0,0,0,14003,0,0
2011-09-09,0,0,0,372,0,0,0,0,0,0,0,15,0,0,1116,45,0,0,0,233,0,0,0,0,0,0,145,0,1849,0,0,0,0,0,0,0,0,0,0,0,13769,0,0
2011-09-11,0,0,0,0,0,0,0,0,0,0,0,0,0,0,43,1052,0,0,0,0,0,0,0,0,0,0,0,0,0,0,0,0,0,0,0,0,0,0,0,0,20075,0,0
2011-09-12,0,0,0,0,0,0,0,0,0,0,0,0,0,0,0,0,0,0,0,0,0,0,0,0,0,0,0,0,0,0,0,0,0,0,0,0,0,0,0,0,17376,0,0
2011-09-13,0,0,0,0,0,0,0,0,0,0,0,0,0,73,73,213,0,0,0,0,0,0,0,0,0,0,4951,0,0,0,0,0,0,0,0,4072,0,0,0,0,27176,0,0
2011-09-14,0,0,0,0,0,0,0,0,0,0,0,742,0,0,438,265,0,0,0,0,0,144,0,0,0,0,0,0,0,0,0,0,0,0,0,0,376,0,0,0,12301,0,0
2011-09-15,0,0,0,0,0,0,0,0,0,0,0,313,0,0,1234,0,0,0,0,0,0,0,0,0,0,0,0,0,178,0,0,0,0,0,0,0,4,0,0,0,27723,0,0
2011-09-16,317,0,0,0,0,0,0,0,0,0,0,0,0,0,6,510,0,0,0,0,0,0,0,0,0,0,0,0,0,0,0,0,0,0,0,0,0,0,0,0,14279,0,0
2011-09-18,0,0,0,0,0,0,0,0,0,0,0,0,0,0,0,0,0,0,0,0,0,0,0,0,0,0,0,0,0,0,0,0,0,0,0,0,0,0,0,0,9022,0,0
2011-09-19,0,0,0,196,0,0,0,583,33,0,0,167,0,0,847,1660,0,2,0,0,0,0,0,0,0,0,10649,0,2262,0,0,0,0,0,565,0,0,0,0,0,12431,0,0
2011-09-20,0,0,0,0,0,0,0,0,0,0,0,971,0,0,306,116,0,0,0,0,48,0,0,0,0,0,0,0,103,0,0,0,0,0,2,0,0,0,0,0,42211,0,0
2011-09-21,0,0,0,353,0,0,0,0,0,0,1176,94,0,0,821,772,0,0,0,0,0,0,0,0,0,0,0,0,0,0,0,0,0,0,569,0,13,0,0,0,20149,0,0
2011-09-22,0,0,0,471,0,0,0,0,0,0,0,808,0,138,1205,333,0,0,0,0,0,0,0,0,0,0,551,0,0,0,496,0,0,0,0,0,2408,0,0,1,27669,0,0
2011-09-23,0,0,0,0,0,0,0,0,0,0,0,1960,0,0,479,1712,0,0,0,0,0,0,0,0,0,0,0,0,0,0,0,0,0,0,572,0,0,0,0,0,17720,0,0
2011-09-25,478,0,0,0,0,0,0,0,0,0,0,0,0,217,281,0,0,0,0,0,0,0,0,0,0,0,0,0,0,0,176,0,0,0,177,0,0,0,0,0,18351,0,0
2011-09-26,0,0,0,0,0,0,0,181,0,0,230,480,0,0,14,262,0,0,0,0,0,0,0,0,0,0,0,0,0,0,0,0,0,0,0,0,0,0,0,0,14233,0,0
2011-09-27,0,0,0,0,0,0,0,0,0,0,0,205,0,0,76,215,0,0,0,0,0,0,0,0,0,0,0,0,0,0,0,0,0,0,323,0,0,0,0,0,20931,0,0
2011-09-28,402,0,0,267,0,0,0,1,0,0,0,1030,0,0,268,168,0,0,0,0,0,0,0,0,0,0,0,0,52,0,0,0,0,0,0,0,1225,0,0,0,22318,0,0
2011-09-29,0,0,0,0,0,0,0,0,0,0,202,0,0,0,992,486,0,0,0,0,0,0,0,0,0,0,0,0,0,0,0,0,0,0,0,0,236,0,0,0,26874,0,0
2011-09-30,0,0,0,0,0,0,0,0,0,0,0,3150,0,0,1071,177,0,0,0,0,0,0,0,0,0,0,0,0,0,0,0,0,0,0,0,109,0,0,0,0,18199,0,0
2011-10-02,0,0,0,0,0,0,0,0,0,0,0,0,0,0,0,0,0,0,0,0,0,0,0,0,0,0,0,0,0,0,0,0,0,0,0,0,0,0,0,0,8390,0,0
2011-10-03,0,0,0,0,0,0,0,0,0,0,0,0,0,0,158,0,0,0,0,0,0,0,0,0,0,0,0,0,0,0,0,0,0,0,1,0,5,0,0,0,26042,0,0
2011-10-04,0,0,0,118,0,0,0,0,66,0,0,0,0,73,115,3,0,1,0,99,0,0,0,0,0,0,0,0,0,0,0,0,0,0,16,0,0,0,0,0,26264,0,0
2011-10-05,7135,0,0,0,0,0,0,1095,0,0,0,0,0,0,1242,2151,0,0,0,0,0,0,0,0,0,0,4,0,0,0,0,0,0,0,0,0,1650,0,0,0,33186,0,0
2011-10-06,266,0,0,0,0,0,0,0,0,0,0,229,0,0,33,2481,0,0,0,0,9,0,0,0,0,0,357,0,0,0,1123,0,0,0,0,0,0,0,0,0,34600,0,0
2011-10-07,0,0,0,0,0,0,0,0,345,325,637,448,0,0,527,2053,0,0,0,0,0,0,0,0,0,0,212,0,0,0,0,0,0,0,227,0,0,0,0,0,26340,0,0
2011-10-09,0,0,0,0,0,0,0,0,0,0,0,0,0,0,0,0,0,0,0,0,0,0,0,0,0,0,0,0,0,0,0,0,0,0,0,0,0,0,0,0,7837,0,0
2011-10-10,0,0,0,196,0,0,0,0,0,0,0,1036,0,0,231,119,0,0,0,0,0,0,0,0,0,0,0,0,0,0,0,0,0,0,0,0,0,0,1228,0,23806,0,0
2011-10-11,0,0,0,162,0,0,0,0,0,0,136,2206,0,0,2814,567,0,0,0,0,0,0,0,0,0,0,0,0,1,0,556,0,0,0,0,0,582,0,0,0,29291,0,0
2011-10-12,0,0,0,0,0,0,0,0,0,0,0,1266,0,470,656,774,0,0,0,0,0,0,0,0,0,0,0,0,86,0,0,0,0,0,0,0,342,0,1228,0,15075,0,0
2011-10-13,0,0,0,1290,0,0,0,0,657,0,0,0,0,236,124,976,0,0,0,0,60,0,0,0,0,0,0,0,0,0,884,351,0,0,0,0,0,0,0,0,14332,0,0
2011-10-14,0,0,0,229,0,0,0,312,0,0,0,353,0,0,270,499,0,0,0,0,0,0,0,0,0,0,0,0,0,0,215,0,0,599,1006,1,0,0,0,0,15023,0,0
2011-10-16,0,0,0,0,0,0,0,0,0,0,0,0,0,0,0,0,0,0,0,0,0,0,0,0,0,0,0,0,0,0,0,0,0,0,0,0,0,0,0,0,9229,0,0
2011-10-17,0,0,0,199,0,0,0,0,0,0,37,2621,0,0,3,2798,0,0,0,0,0,0,0,0,0,0,0,0,0,0,369,0,0,0,1006,5952,0,0,0,0,19533,0,0
2011-10-18,0,491,0,0,0,0,0,0,0,0,0,625,0,0,2,725,0,236,0,0,846,0,0,0,0,0,272,0,0,0,0,0,0,0,724,0,0,0,0,0,25913,0,0
2011-10-19,0,0,0,0,0,0,0,0,380,0,0,711,0,0,733,1928,0,0,0,0,0,0,0,0,0,0,0,0,0,0,5,0,0,4,318,0,0,0,0,0,15369,0,0
2011-10-20,0,0,0,0,0,0,0,0,0,0,0,4974,0,0,530,711,0,0,0,0,0,0,0,0,0,0,18140,0,0,0,0,0,0,0,192,0,0,0,0,0,16489,0,0
2011-10-21,0,0,0,179,0,0,0,0,0,0,97,901,0,0,0,270,0,0,0,0,0,0,0,0,0,0,2476,0,0,0,0,0,0,0,0,0,0,0,489,0,20445,0,0
2011-10-23,0,0,0,0,0,0,0,0,0,0,0,0,0,0,0,2,0,0,0,0,0,0,0,0,0,0,0,0,0,0,0,0,0,0,0,0,0,0,0,0,7076,0,0
2011-10-24,0,0,0,14,0,0,0,0,0,0,0,253,0,0,0,15,0,0,0,0,289,0,0,0,0,0,0,0,0,0,0,0,0,0,158,0,0,0,0,0,29724,0,0
2011-10-25,0,0,0,0,0,0,0,0,0,0,0,0,0,0,0,428,0,0,0,0,251,0,0,0,0,0,0,0,0,0,136,0,0,0,0,0,1394,0,0,0,25031,0,0
2011-10-26,0,0,0,213,0,0,0,0,0,0,0,0,0,0,0,24,0,0,0,0,6,1124,0,0,0,0,0,0,0,0,0,0,0,0,243,0,569,0,0,0,18688,0,0
2011-10-27,0,0,0,0,0,0,0,0,0,0,0,12,0,284,568,288,0,0,0,0,4,0,0,0,0,0,5769,0,1231,0,0,0,0,0,0,0,0,0,0,0,25317,0,0
2011-10-28,0,0,0,168,0,0,0,0,0,0,0,0,0,0,5246,537,0,146,0,0,0,0,0,0,0,0,0,0,374,0,0,0,0,0,0,0,334,0,0,0,17284,0,0
2011-10-30,0,0,0,268,0,0,0,0,0,0,0,185,0,0,209,0,0,0,0,0,62,0,0,0,0,0,0,0,0,0,0,0,0,0,1484,198,0,0,0,0,17668,0,0
2011-10-31,0,0,0,148,0,0,0,0,0,0,0,392,0,53,416,495,0,0,676,0,85,0,0,0,0,0,0,0,0,0,0,0,0,0,0,0,0,0,0,0,19373,0,0
2011-11-01,0,0,0,0,0,0,0,0,0,0,0,894,0,0,1033,0,0,0,0,0,3,0,0,0,0,0,0,0,0,0,0,0,0,0,0,0,0,0,0,0,14764,0,0
2011-11-02,336,0,0,0,0,0,0,0,0,0,0,2,0,0,291,76,0,0,0,0,48,0,0,0,0,0,2732,0,0,639,0,0,0,0,0,0,0,0,0,0,24892,0,0
2011-11-03,192,0,0,0,0,0,0,0,0,0,0,0,0,0,1065,417,0,0,0,0,0,0,0,0,0,0,0,0,127,0,80,0,0,0,136,0,0,0,0,0,32524,0,0
2011-11-04,337,0,0,769,0,0,0,0,0,0,0,28,0,328,344,4,0,0,0,0,0,0,0,0,0,0,0,0,0,302,0,0,0,0,327,0,0,0,0,0,33973,0,0
2011-11-06,0,0,0,0,0,0,0,638,0,0,0,0,0,0,0,887,0,0,0,0,0,0,0,0,0,0,0,0,146,0,0,0,0,0,0,577,2708,0,0,0,18367,0,0
2011-11-07,0,0,0,366,0,0,0,0,0,0,0,768,0,0,292,277,0,0,0,0,0,0,0,0,0,0,0,0,0,0,89,0,0,0,54,0,0,0,0,0,30239,0,0
2011-11-08,0,0,0,246,0,0,0,0,0,0,0,15,0,0,872,97,0,0,0,0,0,0,0,0,0,0,0,0,0,0,0,0,0,0,239,6,0,0,0,0,25378,0,0
2011-11-09,0,0,0,0,0,0,0,0,0,0,0,582,0,0,499,88,0,0,0,0,0,0,0,0,0,0,0,0,0,0,0,0,0,0,0,0,0,0,0,0,39076,0,0
2011-11-10,0,0,0,1,0,0,0,0,0,0,0,496,0,0,1347,188,0,0,0,0,0,0,0,0,0,0,7786,0,0,0,0,0,0,0,456,0,0,0,0,0,28093,0,0
2011-11-11,0,0,0,0,0,0,0,0,0,0,0,1252,0,0,1836,1621,0,0,0,0,0,0,0,0,0,0,0,0,0,0,166,0,0,0,0,149,64,0,0,0,24287,0,0
2011-11-13,0,375,0,0,0,0,0,0,0,0,0,2643,0,0,69,0,0,0,0,0,0,0,0,0,0,0,0,0,0,0,0,0,0,0,0,0,0,0,0,0,18237,0,0
2011-11-14,0,342,0,0,0,0,0,0,0,0,0,206,0,150,894,266,0,2,0,0,22,0,0,0,0,0,0,0,0,0,225,0,0,0,0,1060,0,0,0,0,44379,0,0
2011-11-15,3130,0,0,0,0,0,0,0,0,0,0,1206,0,0,481,596,0,0,0,0,0,0,0,0,0,0,0,0,0,0,0,0,0,0,0,67,0,0,0,0,24970,0,0
2011-11-16,0,0,0,0,0,0,0,0,0,0,0,3082,0,0,687,2186,0,0,0,0,0,0,0,0,0,0,147,0,0,0,0,0,0,0,0,0,0,0,0,0,27953,188,0
2011-11-17,0,0,0,534,0,0,0,78,0,0,1025,631,0,184,1617,1377,0,0,0,0,169,2210,0,0,0,188,0,0,0,0,5,0,0,0,508,0,0,0,0,0,23550,0,0
2011-11-18,0,0,0,315,0,0,0,0,300,40,0,329,0,0,550,496,0,0,0,0,544,0,0,0,0,0,34,0,240,8,0,0,0,0,0,3,669,0,0,0,20785,0,0
2011-11-20,0,0,0,125,0,0,0,0,0,0,0,440,0,0,298,53,0,0,0,0,0,0,0,0,0,0,156,0,0,0,0,0,0,0,477,0,0,0,0,0,17914,0,0
2011-11-21,0,0,0,0,0,0,0,0,0,0,0,626,0,0,271,362,0,0,0,0,631,0,0,0,0,0,0,0,0,0,68,0,0,0,249,0,0,0,0,0,24493,0,0
2011-11-22,0,0,0,185,0,0,0,0,0,0,0,1496,0,0,361,572,0,0,0,0,142,0,0,0,0,0,514,0,0,0,0,0,0,0,0,122,0,0,0,0,32706,0,0
2011-11-23,0,0,0,0,0,0,0,0,0,0,0,69,0,73,219,574,0,0,0,0,527,0,0,0,0,8,7244,0,0,0,0,0,0,0,920,0,187,0,0,0,29851,0,0
2011-11-24,224,0,0,1,0,0,0,0,0,0,0,143,0,0,1319,1930,0,0,0,0,0,0,0,0,0,0,0,0,0,0,458,0,0,0,77,0,0,0,0,0,23415,453,0
2011-11-25,0,0,0,0,0,0,0,0,0,0,0,92,0,0,831,45,0,0,0,0,0,0,0,0,0,0,0,0,594,0,0,0,0,0,0,0,0,0,0,0,17606,0,0
2011-11-27,0,0,0,0,0,0,0,0,0,0,0,225,0,0,0,0,0,0,0,0,0,0,0,0,0,0,0,0,0,0,0,0,0,0,0,0,0,0,0,0,10959,0,0
2011-11-28,0,0,0,7,0,0,0,0,0,0,0,945,0,0,1298,973,0,0,0,0,0,0,0,0,0,0,0,0,0,0,0,0,0,0,0,0,0,0,0,0,27062,0,0
2011-11-29,0,0,0,21,0,0,0,0,0,0,0,0,0,91,645,639,0,0,0,0,0,2040,0,0,0,0,0,0,0,0,0,0,0,0,117,0,151,0,0,0,27380,0,0
2011-11-30,0,0,0,0,0,0,0,2,0,0,512,587,0,264,1574,261,0,0,0,0,21,0,0,0,0,0,51,0,2299,0,2,0,0,0,0,0,0,0,0,0,23018,0,0
2011-12-01,0,0,0,0,0,0,0,0,0,0,0,568,0,218,492,247,0,0,0,0,0,0,0,0,0,8,0,0,0,0,0,0,0,0,0,0,0,0,0,0,25748,0,0
2011-12-02,0,0,0,506,0,0,0,0,6,0,0,0,0,132,951,24,0,0,0,0,0,0,0,0,0,0,0,0,0,0,1032,0,0,0,0,0,0,0,196,0,26276,0,0
2011-12-04,0,0,0,0,0,0,0,0,0,0,0,534,0,0,542,504,0,0,0,0,0,0,0,0,0,0,0,0,0,0,0,0,0,0,0,0,0,0,0,0,10846,0,0
2011-12-05,0,0,0,0,0,0,0,60,0,0,173,219,0,0,477,160,0,0,0,0,0,0,0,0,0,0,0,0,92,0,128,0,0,0,0,80,0,0,408,0,42906,0,0
2011-12-06,0,0,0,396,0,0,0,0,0,0,0,0,0,0,787,29,236,0,0,0,45,49,0,0,0,0,0,0,0,0,267,0,0,0,182,0,0,0,0,0,29584,0,0
2011-12-07,0,0,0,0,0,0,0,0,0,0,0,1998,0,1,561,1220,0,0,192,0,0,0,0,0,0,0,7818,0,0,0,145,0,0,0,110,0,0,0,0,0,29943,0,0
2011-12-08,0,148,0,0,0,0,0,1,0,0,0,806,0,0,24,1015,0,0,0,0,0,0,0,0,0,0,140,0,0,0,0,0,0,0,0,0,0,0,196,0,33394,0,0
2011-12-09,0,0,0,203,0,0,0,0,0,0,0,0,0,0,106,880,0,0,0,0,0,0,0,0,0,0,0,0,2227,0,0,0,0,0,0,0,0,0,0,0,171594,0,0
